country,year,age,sex,observations
AD,2005,0-14,f,0.0
AD,2005,0-14,m,0.0
AD,2005,0-4,f,0.0
AD,2005,0-4,m,0.0
AD,2005,15-24,f,1.0
AD,2005,15-24,m,0.0
AD,2005,25-34,f,1.0
AD,2005,25-34,m,1.0
AD,2005,35-44,f,1.0
AD,2005,35-44,m,1.0
AD,2005,45-54,f,0.0
AD,2005,45-54,m,0.0
AD,2005,5-14,f,0.0
AD,2005,5-14,m,0.0
AD,2005,55-64,f,0.0
AD,2005,55-64,m,0.0
AD,2005,65,f,0.0
AD,2005,65,m,0.0
AD,2006,0-14,f,0.0
AD,2006,0-14,m,0.0
AD,2006,0-4,f,0.0
AD,2006,0-4,m,0.0
AD,2006,15-24,f,0.0
AD,2006,15-24,m,1.0
AD,2006,25-34,f,1.0
AD,2006,25-34,m,1.0
AD,2006,35-44,f,0.0
AD,2006,35-44,m,2.0
AD,2006,45-54,f,1.0
AD,2006,45-54,m,0.0
AD,2006,5-14,f,0.0
AD,2006,5-14,m,0.0
AD,2006,55-64,f,0.0
AD,2006,55-64,m,1.0
AD,2006,65,f,0.0
AD,2006,65,m,1.0
AD,2008,0-14,f,0.0
AD,2008,0-14,m,0.0
AD,2008,0-4,f,0.0
AD,2008,0-4,m,0.0
AD,2008,15-24,f,0.0
AD,2008,15-24,m,0.0
AD,2008,25-34,f,0.0
AD,2008,25-34,m,0.0
AD,2008,35-44,f,1.0
AD,2008,35-44,m,0.0
AD,2008,45-54,f,1.0
AD,2008,45-54,m,1.0
AD,2008,5-14,f,0.0
AD,2008,5-14,m,0.0
AD,2008,55-64,f,0.0
AD,2008,55-64,m,0.0
AD,2008,65,f,0.0
AD,2008,65,m,0.0
AE,2008,0-14,f,0.0
AE,2008,0-14,m,0.0
AE,2008,0-4,f,0.0
AE,2008,0-4,m,0.0
AE,2008,15-24,f,10.0
AE,2008,15-24,m,6.0
AE,2008,25-34,f,4.0
AE,2008,25-34,m,1.0
AE,2008,35-44,f,1.0
AE,2008,35-44,m,7.0
AE,2008,45-54,f,1.0
AE,2008,45-54,m,5.0
AE,2008,5-14,f,0.0
AE,2008,5-14,m,0.0
AE,2008,55-64,f,3.0
AE,2008,55-64,m,3.0
AE,2008,65,f,3.0
AE,2008,65,m,6.0
AL,2005,0-14,f,0.0
AL,2005,0-14,m,0.0
AL,2005,0-4,f,0.0
AL,2005,0-4,m,0.0
AL,2005,15-24,f,3.0
AL,2005,15-24,m,26.0
AL,2005,25-34,f,9.0
AL,2005,25-34,m,21.0
AL,2005,35-44,f,5.0
AL,2005,35-44,m,16.0
AL,2005,45-54,f,5.0
AL,2005,45-54,m,31.0
AL,2005,5-14,f,0.0
AL,2005,5-14,m,0.0
AL,2005,55-64,f,5.0
AL,2005,55-64,m,20.0
AL,2005,65,f,18.0
AL,2005,65,m,37.0
AL,2006,0-14,f,2.0
AL,2006,0-14,m,5.0
AL,2006,0-4,f,0.0
AL,2006,0-4,m,1.0
AL,2006,15-24,f,12.0
AL,2006,15-24,m,24.0
AL,2006,25-34,f,8.0
AL,2006,25-34,m,19.0
AL,2006,35-44,f,7.0
AL,2006,35-44,m,22.0
AL,2006,45-54,f,7.0
AL,2006,45-54,m,21.0
AL,2006,5-14,f,2.0
AL,2006,5-14,m,4.0
AL,2006,55-64,f,7.0
AL,2006,55-64,m,19.0
AL,2006,65,f,13.0
AL,2006,65,m,20.0
AL,2007,0-14,f,2.0
AL,2007,0-14,m,0.0
AL,2007,0-4,f,0.0
AL,2007,0-4,m,0.0
AL,2007,15-24,f,13.0
AL,2007,15-24,m,19.0
AL,2007,25-34,f,9.0
AL,2007,25-34,m,13.0
AL,2007,35-44,f,7.0
AL,2007,35-44,m,16.0
AL,2007,45-54,f,7.0
AL,2007,45-54,m,24.0
AL,2007,5-14,f,2.0
AL,2007,5-14,m,0.0
AL,2007,55-64,f,11.0
AL,2007,55-64,m,16.0
AL,2007,65,f,9.0
AL,2007,65,m,19.0
AM,2005,0-14,f,3.0
AM,2005,0-14,m,3.0
AM,2005,0-4,f,0.0
AM,2005,0-4,m,1.0
AM,2005,15-24,f,27.0
AM,2005,15-24,m,170.0
AM,2005,25-34,f,21.0
AM,2005,25-34,m,104.0
AM,2005,35-44,f,10.0
AM,2005,35-44,m,83.0
AM,2005,45-54,f,11.0
AM,2005,45-54,m,84.0
AM,2005,5-14,f,3.0
AM,2005,5-14,m,2.0
AM,2005,55-64,f,4.0
AM,2005,55-64,m,30.0
AM,2005,65,f,7.0
AM,2005,65,m,24.0
AM,2006,0-14,f,3.0
AM,2006,0-14,m,0.0
AM,2006,0-4,f,0.0
AM,2006,0-4,m,0.0
AM,2006,15-24,f,28.0
AM,2006,15-24,m,113.0
AM,2006,25-34,f,29.0
AM,2006,25-34,m,116.0
AM,2006,35-44,f,16.0
AM,2006,35-44,m,96.0
AM,2006,45-54,f,15.0
AM,2006,45-54,m,98.0
AM,2006,5-14,f,3.0
AM,2006,5-14,m,0.0
AM,2006,55-64,f,7.0
AM,2006,55-64,m,38.0
AM,2006,65,f,4.0
AM,2006,65,m,17.0
AM,2007,0-14,f,2.0
AM,2007,0-14,m,1.0
AM,2007,0-4,f,0.0
AM,2007,0-4,m,0.0
AM,2007,15-24,f,31.0
AM,2007,15-24,m,81.0
AM,2007,25-34,f,22.0
AM,2007,25-34,m,87.0
AM,2007,35-44,f,11.0
AM,2007,35-44,m,100.0
AM,2007,45-54,f,7.0
AM,2007,45-54,m,92.0
AM,2007,5-14,f,2.0
AM,2007,5-14,m,1.0
AM,2007,55-64,f,7.0
AM,2007,55-64,m,29.0
AM,2007,65,f,7.0
AM,2007,65,m,20.0
AM,2008,0-14,f,4.0
AM,2008,0-14,m,0.0
AM,2008,0-4,f,0.0
AM,2008,0-4,m,0.0
AM,2008,15-24,f,44.0
AM,2008,15-24,m,53.0
AM,2008,25-34,f,25.0
AM,2008,25-34,m,103.0
AM,2008,35-44,f,10.0
AM,2008,35-44,m,74.0
AM,2008,45-54,f,14.0
AM,2008,45-54,m,87.0
AM,2008,5-14,f,4.0
AM,2008,5-14,m,0.0
AM,2008,55-64,f,10.0
AM,2008,55-64,m,37.0
AM,2008,65,f,11.0
AM,2008,65,m,15.0
AR,2008,0-14,f,66.0
AR,2008,0-14,m,69.0
AR,2008,0-4,f,5.0
AR,2008,0-4,m,11.0
AR,2008,15-24,f,536.0
AR,2008,15-24,m,633.0
AR,2008,25-34,f,506.0
AR,2008,25-34,m,611.0
AR,2008,35-44,f,252.0
AR,2008,35-44,m,390.0
AR,2008,45-54,f,221.0
AR,2008,45-54,m,416.0
AR,2008,5-14,f,61.0
AR,2008,5-14,m,58.0
AR,2008,55-64,f,157.0
AR,2008,55-64,m,364.0
AR,2008,65,f,204.0
AR,2008,65,m,295.0
AT,2005,0-14,f,0.0
AT,2005,0-14,m,1.0
AT,2005,0-4,f,0.0
AT,2005,0-4,m,1.0
AT,2005,15-24,f,13.0
AT,2005,15-24,m,32.0
AT,2005,25-34,f,11.0
AT,2005,25-34,m,23.0
AT,2005,35-44,f,8.0
AT,2005,35-44,m,22.0
AT,2005,45-54,f,3.0
AT,2005,45-54,m,41.0
AT,2005,5-14,f,0.0
AT,2005,5-14,m,0.0
AT,2005,55-64,f,5.0
AT,2005,55-64,m,24.0
AT,2005,65,f,10.0
AT,2005,65,m,30.0
AT,2006,0-14,f,2.0
AT,2006,0-14,m,1.0
AT,2006,0-4,f,1.0
AT,2006,0-4,m,0.0
AT,2006,15-24,f,12.0
AT,2006,15-24,m,9.0
AT,2006,25-34,f,12.0
AT,2006,25-34,m,25.0
AT,2006,35-44,f,16.0
AT,2006,35-44,m,36.0
AT,2006,45-54,f,5.0
AT,2006,45-54,m,39.0
AT,2006,5-14,f,1.0
AT,2006,5-14,m,1.0
AT,2006,55-64,f,3.0
AT,2006,55-64,m,19.0
AT,2006,65,f,15.0
AT,2006,65,m,19.0
AZ,2005,0-14,f,90.0
AZ,2005,0-14,m,77.0
AZ,2005,0-4,f,2.0
AZ,2005,0-4,m,2.0
AZ,2005,15-24,f,64.0
AZ,2005,15-24,m,109.0
AZ,2005,25-34,f,98.0
AZ,2005,25-34,m,297.0
AZ,2005,35-44,f,47.0
AZ,2005,35-44,m,215.0
AZ,2005,45-54,f,32.0
AZ,2005,45-54,m,209.0
AZ,2005,5-14,f,88.0
AZ,2005,5-14,m,75.0
AZ,2005,55-64,f,24.0
AZ,2005,55-64,m,187.0
AZ,2005,65,f,24.0
AZ,2005,65,m,88.0
AZ,2006,0-14,f,2.0
AZ,2006,0-14,m,6.0
AZ,2006,0-4,f,0.0
AZ,2006,0-4,m,1.0
AZ,2006,15-24,f,51.0
AZ,2006,15-24,m,241.0
AZ,2006,25-34,f,66.0
AZ,2006,25-34,m,362.0
AZ,2006,35-44,f,66.0
AZ,2006,35-44,m,365.0
AZ,2006,45-54,f,44.0
AZ,2006,45-54,m,120.0
AZ,2006,5-14,f,2.0
AZ,2006,5-14,m,5.0
AZ,2006,55-64,f,15.0
AZ,2006,55-64,m,78.0
AZ,2006,65,f,8.0
AZ,2006,65,m,30.0
BA,2005,0-14,f,2.0
BA,2005,0-14,m,1.0
BA,2005,0-4,f,0.0
BA,2005,0-4,m,0.0
BA,2005,15-24,f,35.0
BA,2005,15-24,m,22.0
BA,2005,25-34,f,39.0
BA,2005,25-34,m,58.0
BA,2005,35-44,f,33.0
BA,2005,35-44,m,61.0
BA,2005,45-54,f,28.0
BA,2005,45-54,m,78.0
BA,2005,5-14,f,2.0
BA,2005,5-14,m,1.0
BA,2005,55-64,f,28.0
BA,2005,55-64,m,44.0
BA,2005,65,f,130.0
BA,2005,65,m,80.0
BA,2006,0-14,f,0.0
BA,2006,0-14,m,0.0
BA,2006,0-4,f,0.0
BA,2006,0-4,m,0.0
BA,2006,15-24,f,41.0
BA,2006,15-24,m,40.0
BA,2006,25-34,f,50.0
BA,2006,25-34,m,58.0
BA,2006,35-44,f,24.0
BA,2006,35-44,m,47.0
BA,2006,45-54,f,29.0
BA,2006,45-54,m,53.0
BA,2006,5-14,f,0.0
BA,2006,5-14,m,0.0
BA,2006,55-64,f,20.0
BA,2006,55-64,m,42.0
BA,2006,65,f,88.0
BA,2006,65,m,66.0
BA,2007,0-14,f,0.0
BA,2007,0-14,m,0.0
BA,2007,0-4,f,0.0
BA,2007,0-4,m,0.0
BA,2007,15-24,f,0.0
BA,2007,15-24,m,0.0
BA,2007,25-34,f,0.0
BA,2007,25-34,m,0.0
BA,2007,35-44,f,0.0
BA,2007,35-44,m,0.0
BA,2007,45-54,f,0.0
BA,2007,45-54,m,0.0
BA,2007,5-14,f,0.0
BA,2007,5-14,m,0.0
BA,2007,55-64,f,0.0
BA,2007,55-64,m,0.0
BA,2007,65,f,0.0
BA,2007,65,m,0.0
BA,2008,0-14,f,3.0
BA,2008,0-14,m,0.0
BA,2008,0-4,f,0.0
BA,2008,0-4,m,0.0
BA,2008,15-24,f,26.0
BA,2008,15-24,m,20.0
BA,2008,25-34,f,26.0
BA,2008,25-34,m,35.0
BA,2008,35-44,f,20.0
BA,2008,35-44,m,38.0
BA,2008,45-54,f,11.0
BA,2008,45-54,m,84.0
BA,2008,5-14,f,3.0
BA,2008,5-14,m,0.0
BA,2008,55-64,f,6.0
BA,2008,55-64,m,49.0
BA,2008,65,f,112.0
BA,2008,65,m,79.0
BB,2008,0-14,f,0.0
BB,2008,0-14,m,0.0
BB,2008,0-4,f,0.0
BB,2008,0-4,m,0.0
BB,2008,15-24,f,0.0
BB,2008,15-24,m,0.0
BB,2008,25-34,f,0.0
BB,2008,25-34,m,1.0
BB,2008,35-44,f,0.0
BB,2008,35-44,m,0.0
BB,2008,45-54,f,0.0
BB,2008,45-54,m,0.0
BB,2008,5-14,f,0.0
BB,2008,5-14,m,0.0
BB,2008,55-64,f,0.0
BB,2008,55-64,m,0.0
BB,2008,65,f,0.0
BB,2008,65,m,0.0
BE,2005,0-14,f,2.0
BE,2005,0-14,m,1.0
BE,2005,0-4,f,1.0
BE,2005,0-4,m,1.0
BE,2005,15-24,f,27.0
BE,2005,15-24,m,26.0
BE,2005,25-34,f,31.0
BE,2005,25-34,m,50.0
BE,2005,35-44,f,15.0
BE,2005,35-44,m,32.0
BE,2005,45-54,f,12.0
BE,2005,45-54,m,27.0
BE,2005,5-14,f,1.0
BE,2005,5-14,m,0.0
BE,2005,55-64,f,4.0
BE,2005,55-64,m,15.0
BE,2005,65,f,23.0
BE,2005,65,m,47.0
BE,2006,0-14,f,6.0
BE,2006,0-14,m,4.0
BE,2006,0-4,f,3.0
BE,2006,0-4,m,3.0
BE,2006,15-24,f,25.0
BE,2006,15-24,m,26.0
BE,2006,25-34,f,25.0
BE,2006,25-34,m,52.0
BE,2006,35-44,f,18.0
BE,2006,35-44,m,38.0
BE,2006,45-54,f,6.0
BE,2006,45-54,m,45.0
BE,2006,5-14,f,3.0
BE,2006,5-14,m,1.0
BE,2006,55-64,f,7.0
BE,2006,55-64,m,27.0
BE,2006,65,f,22.0
BE,2006,65,m,42.0
BE,2008,0-14,f,3.0
BE,2008,0-14,m,3.0
BE,2008,0-4,f,2.0
BE,2008,0-4,m,2.0
BE,2008,15-24,f,17.0
BE,2008,15-24,m,23.0
BE,2008,25-34,f,40.0
BE,2008,25-34,m,40.0
BE,2008,35-44,f,22.0
BE,2008,35-44,m,43.0
BE,2008,45-54,f,8.0
BE,2008,45-54,m,32.0
BE,2008,5-14,f,1.0
BE,2008,5-14,m,1.0
BE,2008,55-64,f,3.0
BE,2008,55-64,m,24.0
BE,2008,65,f,12.0
BE,2008,65,m,41.0
BG,2005,0-14,f,9.0
BG,2005,0-14,m,9.0
BG,2005,0-4,f,0.0
BG,2005,0-4,m,0.0
BG,2005,15-24,f,90.0
BG,2005,15-24,m,98.0
BG,2005,25-34,f,111.0
BG,2005,25-34,m,150.0
BG,2005,35-44,f,59.0
BG,2005,35-44,m,195.0
BG,2005,45-54,f,29.0
BG,2005,45-54,m,195.0
BG,2005,5-14,f,9.0
BG,2005,5-14,m,9.0
BG,2005,55-64,f,37.0
BG,2005,55-64,m,150.0
BG,2005,65,f,70.0
BG,2005,65,m,136.0
BG,2008,0-14,f,1.0
BG,2008,0-14,m,2.0
BG,2008,0-4,f,1.0
BG,2008,0-4,m,1.0
BG,2008,15-24,f,57.0
BG,2008,15-24,m,80.0
BG,2008,25-34,f,78.0
BG,2008,25-34,m,145.0
BG,2008,35-44,f,54.0
BG,2008,35-44,m,151.0
BG,2008,45-54,f,31.0
BG,2008,45-54,m,159.0
BG,2008,5-14,f,0.0
BG,2008,5-14,m,1.0
BG,2008,55-64,f,23.0
BG,2008,55-64,m,127.0
BG,2008,65,f,44.0
BG,2008,65,m,68.0
BH,2008,0-14,f,0.0
BH,2008,0-14,m,0.0
BH,2008,0-4,f,0.0
BH,2008,0-4,m,0.0
BH,2008,15-24,f,12.0
BH,2008,15-24,m,17.0
BH,2008,25-34,f,16.0
BH,2008,25-34,m,48.0
BH,2008,35-44,f,8.0
BH,2008,35-44,m,27.0
BH,2008,45-54,f,1.0
BH,2008,45-54,m,8.0
BH,2008,5-14,f,0.0
BH,2008,5-14,m,0.0
BH,2008,55-64,f,0.0
BH,2008,55-64,m,2.0
BH,2008,65,f,0.0
BH,2008,65,m,3.0
BN,2008,0-14,f,1.0
BN,2008,0-14,m,0.0
BN,2008,0-4,f,0.0
BN,2008,0-4,m,0.0
BN,2008,15-24,f,6.0
BN,2008,15-24,m,10.0
BN,2008,25-34,f,11.0
BN,2008,25-34,m,10.0
BN,2008,35-44,f,8.0
BN,2008,35-44,m,12.0
BN,2008,45-54,f,7.0
BN,2008,45-54,m,21.0
BN,2008,5-14,f,1.0
BN,2008,5-14,m,0.0
BN,2008,55-64,f,7.0
BN,2008,55-64,m,6.0
BN,2008,65,f,10.0
BN,2008,65,m,23.0
BR,2008,0-14,f,356.0
BR,2008,0-14,m,298.0
BR,2008,0-4,f,69.0
BR,2008,0-4,m,115.0
BR,2008,15-24,f,2709.0
BR,2008,15-24,m,4436.0
BR,2008,25-34,f,3233.0
BR,2008,25-34,m,6173.0
BR,2008,35-44,f,2266.0
BR,2008,35-44,m,5305.0
BR,2008,45-54,f,1669.0
BR,2008,45-54,m,4854.0
BR,2008,5-14,f,287.0
BR,2008,5-14,m,183.0
BR,2008,55-64,f,964.0
BR,2008,55-64,m,2650.0
BR,2008,65,f,879.0
BR,2008,65,m,1905.0
BS,2008,0-14,f,0.0
BS,2008,0-14,m,0.0
BS,2008,0-4,f,0.0
BS,2008,0-4,m,0.0
BS,2008,15-24,f,1.0
BS,2008,15-24,m,2.0
BS,2008,25-34,f,4.0
BS,2008,25-34,m,6.0
BS,2008,35-44,f,4.0
BS,2008,35-44,m,5.0
BS,2008,45-54,f,0.0
BS,2008,45-54,m,7.0
BS,2008,5-14,f,0.0
BS,2008,5-14,m,0.0
BS,2008,55-64,f,0.0
BS,2008,55-64,m,2.0
BS,2008,65,f,0.0
BS,2008,65,m,0.0
BW,2008,0-14,f,42.0
BW,2008,0-14,m,27.0
BW,2008,0-4,f,5.0
BW,2008,0-4,m,4.0
BW,2008,15-24,f,347.0
BW,2008,15-24,m,254.0
BW,2008,25-34,f,474.0
BW,2008,25-34,m,528.0
BW,2008,35-44,f,226.0
BW,2008,35-44,m,384.0
BW,2008,45-54,f,135.0
BW,2008,45-54,m,220.0
BW,2008,5-14,f,37.0
BW,2008,5-14,m,23.0
BW,2008,55-64,f,51.0
BW,2008,55-64,m,113.0
BW,2008,65,f,30.0
BW,2008,65,m,85.0
BZ,2008,0-14,f,0.0
BZ,2008,0-14,m,1.0
BZ,2008,0-4,f,0.0
BZ,2008,0-4,m,0.0
BZ,2008,15-24,f,5.0
BZ,2008,15-24,m,8.0
BZ,2008,25-34,f,0.0
BZ,2008,25-34,m,12.0
BZ,2008,35-44,f,6.0
BZ,2008,35-44,m,15.0
BZ,2008,45-54,f,4.0
BZ,2008,45-54,m,9.0
BZ,2008,5-14,f,0.0
BZ,2008,5-14,m,1.0
BZ,2008,55-64,f,3.0
BZ,2008,55-64,m,5.0
BZ,2008,65,f,8.0
BZ,2008,65,m,8.0
CA,2008,0-14,f,3.0
CA,2008,0-14,m,2.0
CA,2008,0-4,f,0.0
CA,2008,0-4,m,0.0
CA,2008,15-24,f,36.0
CA,2008,15-24,m,39.0
CA,2008,25-34,f,39.0
CA,2008,25-34,m,36.0
CA,2008,35-44,f,39.0
CA,2008,35-44,m,49.0
CA,2008,45-54,f,27.0
CA,2008,45-54,m,53.0
CA,2008,5-14,f,3.0
CA,2008,5-14,m,2.0
CA,2008,55-64,f,20.0
CA,2008,55-64,m,38.0
CA,2008,65,f,45.0
CA,2008,65,m,62.0
CH,2005,0-14,f,0.0
CH,2005,0-14,m,1.0
CH,2005,0-4,f,0.0
CH,2005,0-4,m,0.0
CH,2005,15-24,f,6.0
CH,2005,15-24,m,10.0
CH,2005,25-34,f,11.0
CH,2005,25-34,m,9.0
CH,2005,35-44,f,8.0
CH,2005,35-44,m,13.0
CH,2005,45-54,f,3.0
CH,2005,45-54,m,12.0
CH,2005,5-14,f,0.0
CH,2005,5-14,m,1.0
CH,2005,55-64,f,2.0
CH,2005,55-64,m,2.0
CH,2005,65,f,4.0
CH,2005,65,m,7.0
CH,2006,0-14,f,1.0
CH,2006,0-14,m,1.0
CH,2006,0-4,f,0.0
CH,2006,0-4,m,0.0
CH,2006,15-24,f,10.0
CH,2006,15-24,m,11.0
CH,2006,25-34,f,16.0
CH,2006,25-34,m,15.0
CH,2006,35-44,f,11.0
CH,2006,35-44,m,11.0
CH,2006,45-54,f,5.0
CH,2006,45-54,m,8.0
CH,2006,5-14,f,1.0
CH,2006,5-14,m,1.0
CH,2006,55-64,f,1.0
CH,2006,55-64,m,7.0
CH,2006,65,f,2.0
CH,2006,65,m,12.0
CH,2007,0-14,f,1.0
CH,2007,0-14,m,0.0
CH,2007,0-4,f,0.0
CH,2007,0-4,m,0.0
CH,2007,15-24,f,9.0
CH,2007,15-24,m,11.0
CH,2007,25-34,f,17.0
CH,2007,25-34,m,10.0
CH,2007,35-44,f,3.0
CH,2007,35-44,m,11.0
CH,2007,45-54,f,0.0
CH,2007,45-54,m,7.0
CH,2007,5-14,f,1.0
CH,2007,5-14,m,0.0
CH,2007,55-64,f,3.0
CH,2007,55-64,m,5.0
CH,2007,65,f,7.0
CH,2007,65,m,11.0
CH,2008,0-14,f,1.0
CH,2008,0-14,m,0.0
CH,2008,0-4,f,0.0
CH,2008,0-4,m,0.0
CH,2008,15-24,f,3.0
CH,2008,15-24,m,8.0
CH,2008,25-34,f,13.0
CH,2008,25-34,m,13.0
CH,2008,35-44,f,6.0
CH,2008,35-44,m,5.0
CH,2008,45-54,f,2.0
CH,2008,45-54,m,4.0
CH,2008,5-14,f,1.0
CH,2008,5-14,m,0.0
CH,2008,55-64,f,1.0
CH,2008,55-64,m,3.0
CH,2008,65,f,1.0
CH,2008,65,m,4.0
CM,2008,0-14,f,173.0
CM,2008,0-14,m,108.0
CM,2008,0-4,f,0.0
CM,2008,0-4,m,0.0
CM,2008,15-24,f,1506.0
CM,2008,15-24,m,1613.0
CM,2008,25-34,f,2041.0
CM,2008,25-34,m,2861.0
CM,2008,35-44,f,1027.0
CM,2008,35-44,m,2016.0
CM,2008,45-54,f,568.0
CM,2008,45-54,m,1135.0
CM,2008,5-14,f,0.0
CM,2008,5-14,m,0.0
CM,2008,55-64,f,234.0
CM,2008,55-64,m,526.0
CM,2008,65,f,148.0
CM,2008,65,m,281.0
CY,2005,0-14,f,0.0
CY,2005,0-14,m,0.0
CY,2005,0-4,f,0.0
CY,2005,0-4,m,0.0
CY,2005,15-24,f,1.0
CY,2005,15-24,m,3.0
CY,2005,25-34,f,0.0
CY,2005,25-34,m,1.0
CY,2005,35-44,f,0.0
CY,2005,35-44,m,1.0
CY,2005,45-54,f,0.0
CY,2005,45-54,m,1.0
CY,2005,5-14,f,0.0
CY,2005,5-14,m,0.0
CY,2005,55-64,f,0.0
CY,2005,55-64,m,0.0
CY,2005,65,f,0.0
CY,2005,65,m,1.0
CY,2006,0-14,f,0.0
CY,2006,0-14,m,0.0
CY,2006,0-4,f,0.0
CY,2006,0-4,m,0.0
CY,2006,15-24,f,2.0
CY,2006,15-24,m,0.0
CY,2006,25-34,f,3.0
CY,2006,25-34,m,1.0
CY,2006,35-44,f,0.0
CY,2006,35-44,m,1.0
CY,2006,45-54,f,0.0
CY,2006,45-54,m,0.0
CY,2006,5-14,f,0.0
CY,2006,5-14,m,0.0
CY,2006,55-64,f,0.0
CY,2006,55-64,m,1.0
CY,2006,65,f,0.0
CY,2006,65,m,0.0
CY,2007,0-14,f,0.0
CY,2007,0-14,m,0.0
CY,2007,0-4,f,0.0
CY,2007,0-4,m,0.0
CY,2007,15-24,f,1.0
CY,2007,15-24,m,2.0
CY,2007,25-34,f,3.0
CY,2007,25-34,m,1.0
CY,2007,35-44,f,1.0
CY,2007,35-44,m,0.0
CY,2007,45-54,f,0.0
CY,2007,45-54,m,0.0
CY,2007,5-14,f,0.0
CY,2007,5-14,m,0.0
CY,2007,55-64,f,0.0
CY,2007,55-64,m,0.0
CY,2007,65,f,0.0
CY,2007,65,m,0.0
CY,2008,0-14,f,0.0
CY,2008,0-14,m,0.0
CY,2008,0-4,f,0.0
CY,2008,0-4,m,0.0
CY,2008,15-24,f,1.0
CY,2008,15-24,m,1.0
CY,2008,25-34,f,2.0
CY,2008,25-34,m,0.0
CY,2008,35-44,f,1.0
CY,2008,35-44,m,0.0
CY,2008,45-54,f,0.0
CY,2008,45-54,m,1.0
CY,2008,5-14,f,0.0
CY,2008,5-14,m,0.0
CY,2008,55-64,f,0.0
CY,2008,55-64,m,0.0
CY,2008,65,f,0.0
CY,2008,65,m,0.0
CZ,2005,0-14,f,0.0
CZ,2005,0-14,m,0.0
CZ,2005,0-4,f,0.0
CZ,2005,0-4,m,0.0
CZ,2005,15-24,f,3.0
CZ,2005,15-24,m,8.0
CZ,2005,25-34,f,14.0
CZ,2005,25-34,m,24.0
CZ,2005,35-44,f,16.0
CZ,2005,35-44,m,57.0
CZ,2005,45-54,f,7.0
CZ,2005,45-54,m,55.0
CZ,2005,5-14,f,0.0
CZ,2005,5-14,m,0.0
CZ,2005,55-64,f,5.0
CZ,2005,55-64,m,45.0
CZ,2005,65,f,28.0
CZ,2005,65,m,46.0
CZ,2006,0-14,f,0.0
CZ,2006,0-14,m,0.0
CZ,2006,0-4,f,0.0
CZ,2006,0-4,m,0.0
CZ,2006,15-24,f,4.0
CZ,2006,15-24,m,6.0
CZ,2006,25-34,f,12.0
CZ,2006,25-34,m,19.0
CZ,2006,35-44,f,12.0
CZ,2006,35-44,m,39.0
CZ,2006,45-54,f,10.0
CZ,2006,45-54,m,56.0
CZ,2006,5-14,f,0.0
CZ,2006,5-14,m,0.0
CZ,2006,55-64,f,6.0
CZ,2006,55-64,m,38.0
CZ,2006,65,f,30.0
CZ,2006,65,m,25.0
CZ,2007,0-14,f,0.0
CZ,2007,0-14,m,0.0
CZ,2007,0-4,f,0.0
CZ,2007,0-4,m,0.0
CZ,2007,15-24,f,6.0
CZ,2007,15-24,m,14.0
CZ,2007,25-34,f,8.0
CZ,2007,25-34,m,26.0
CZ,2007,35-44,f,5.0
CZ,2007,35-44,m,35.0
CZ,2007,45-54,f,9.0
CZ,2007,45-54,m,63.0
CZ,2007,5-14,f,0.0
CZ,2007,5-14,m,0.0
CZ,2007,55-64,f,5.0
CZ,2007,55-64,m,39.0
CZ,2007,65,f,28.0
CZ,2007,65,m,29.0
CZ,2008,0-14,f,0.0
CZ,2008,0-14,m,0.0
CZ,2008,0-4,f,0.0
CZ,2008,0-4,m,0.0
CZ,2008,15-24,f,4.0
CZ,2008,15-24,m,7.0
CZ,2008,25-34,f,14.0
CZ,2008,25-34,m,29.0
CZ,2008,35-44,f,8.0
CZ,2008,35-44,m,39.0
CZ,2008,45-54,f,5.0
CZ,2008,45-54,m,44.0
CZ,2008,5-14,f,0.0
CZ,2008,5-14,m,0.0
CZ,2008,55-64,f,10.0
CZ,2008,55-64,m,36.0
CZ,2008,65,f,23.0
CZ,2008,65,m,32.0
DE,2005,0-14,f,4.0
DE,2005,0-14,m,6.0
DE,2005,0-4,f,3.0
DE,2005,0-4,m,2.0
DE,2005,15-24,f,51.0
DE,2005,15-24,m,59.0
DE,2005,25-34,f,104.0
DE,2005,25-34,m,113.0
DE,2005,35-44,f,73.0
DE,2005,35-44,m,171.0
DE,2005,45-54,f,43.0
DE,2005,45-54,m,167.0
DE,2005,5-14,f,1.0
DE,2005,5-14,m,4.0
DE,2005,55-64,f,37.0
DE,2005,55-64,m,92.0
DE,2005,65,f,103.0
DE,2005,65,m,167.0
DE,2006,0-14,f,7.0
DE,2006,0-14,m,2.0
DE,2006,0-4,f,2.0
DE,2006,0-4,m,0.0
DE,2006,15-24,f,66.0
DE,2006,15-24,m,78.0
DE,2006,25-34,f,109.0
DE,2006,25-34,m,138.0
DE,2006,35-44,f,77.0
DE,2006,35-44,m,169.0
DE,2006,45-54,f,39.0
DE,2006,45-54,m,189.0
DE,2006,5-14,f,5.0
DE,2006,5-14,m,2.0
DE,2006,55-64,f,24.0
DE,2006,55-64,m,103.0
DE,2006,65,f,102.0
DE,2006,65,m,199.0
DE,2007,0-14,f,4.0
DE,2007,0-14,m,2.0
DE,2007,0-4,f,0.0
DE,2007,0-4,m,0.0
DE,2007,15-24,f,120.0
DE,2007,15-24,m,116.0
DE,2007,25-34,f,176.0
DE,2007,25-34,m,248.0
DE,2007,35-44,f,152.0
DE,2007,35-44,m,314.0
DE,2007,45-54,f,116.0
DE,2007,45-54,m,344.0
DE,2007,5-14,f,4.0
DE,2007,5-14,m,2.0
DE,2007,55-64,f,46.0
DE,2007,55-64,m,184.0
DE,2007,65,f,178.0
DE,2007,65,m,362.0
DE,2008,0-14,f,6.0
DE,2008,0-14,m,2.0
DE,2008,0-4,f,1.0
DE,2008,0-4,m,0.0
DE,2008,15-24,f,35.0
DE,2008,15-24,m,40.0
DE,2008,25-34,f,68.0
DE,2008,25-34,m,95.0
DE,2008,35-44,f,61.0
DE,2008,35-44,m,114.0
DE,2008,45-54,f,41.0
DE,2008,45-54,m,142.0
DE,2008,5-14,f,5.0
DE,2008,5-14,m,2.0
DE,2008,55-64,f,33.0
DE,2008,55-64,m,96.0
DE,2008,65,f,71.0
DE,2008,65,m,148.0
DK,2005,0-14,f,2.0
DK,2005,0-14,m,0.0
DK,2005,0-4,f,0.0
DK,2005,0-4,m,0.0
DK,2005,15-24,f,11.0
DK,2005,15-24,m,12.0
DK,2005,25-34,f,5.0
DK,2005,25-34,m,12.0
DK,2005,35-44,f,13.0
DK,2005,35-44,m,18.0
DK,2005,45-54,f,9.0
DK,2005,45-54,m,23.0
DK,2005,5-14,f,2.0
DK,2005,5-14,m,0.0
DK,2005,55-64,f,3.0
DK,2005,55-64,m,9.0
DK,2005,65,f,5.0
DK,2005,65,m,7.0
DK,2006,0-14,f,1.0
DK,2006,0-14,m,0.0
DK,2006,0-4,f,0.0
DK,2006,0-4,m,0.0
DK,2006,15-24,f,6.0
DK,2006,15-24,m,8.0
DK,2006,25-34,f,12.0
DK,2006,25-34,m,13.0
DK,2006,35-44,f,9.0
DK,2006,35-44,m,15.0
DK,2006,45-54,f,5.0
DK,2006,45-54,m,27.0
DK,2006,5-14,f,1.0
DK,2006,5-14,m,0.0
DK,2006,55-64,f,5.0
DK,2006,55-64,m,10.0
DK,2006,65,f,4.0
DK,2006,65,m,8.0
DK,2007,0-14,f,1.0
DK,2007,0-14,m,0.0
DK,2007,0-4,f,1.0
DK,2007,0-4,m,0.0
DK,2007,15-24,f,8.0
DK,2007,15-24,m,6.0
DK,2007,25-34,f,12.0
DK,2007,25-34,m,12.0
DK,2007,35-44,f,8.0
DK,2007,35-44,m,20.0
DK,2007,45-54,f,4.0
DK,2007,45-54,m,29.0
DK,2007,5-14,f,0.0
DK,2007,5-14,m,0.0
DK,2007,55-64,f,5.0
DK,2007,55-64,m,16.0
DK,2007,65,f,8.0
DK,2007,65,m,6.0
DK,2008,0-14,f,2.0
DK,2008,0-14,m,0.0
DK,2008,0-4,f,0.0
DK,2008,0-4,m,0.0
DK,2008,15-24,f,5.0
DK,2008,15-24,m,8.0
DK,2008,25-34,f,7.0
DK,2008,25-34,m,15.0
DK,2008,35-44,f,5.0
DK,2008,35-44,m,9.0
DK,2008,45-54,f,8.0
DK,2008,45-54,m,24.0
DK,2008,5-14,f,2.0
DK,2008,5-14,m,0.0
DK,2008,55-64,f,4.0
DK,2008,55-64,m,10.0
DK,2008,65,f,1.0
DK,2008,65,m,8.0
DM,2008,0-14,f,0.0
DM,2008,0-14,m,0.0
DM,2008,0-4,f,0.0
DM,2008,0-4,m,0.0
DM,2008,15-24,f,0.0
DM,2008,15-24,m,0.0
DM,2008,25-34,f,0.0
DM,2008,25-34,m,0.0
DM,2008,35-44,f,0.0
DM,2008,35-44,m,1.0
DM,2008,45-54,f,0.0
DM,2008,45-54,m,2.0
DM,2008,5-14,f,0.0
DM,2008,5-14,m,0.0
DM,2008,55-64,f,0.0
DM,2008,55-64,m,0.0
DM,2008,65,f,0.0
DM,2008,65,m,0.0
DO,2008,0-14,f,34.0
DO,2008,0-14,m,16.0
DO,2008,0-4,f,4.0
DO,2008,0-4,m,2.0
DO,2008,15-24,f,288.0
DO,2008,15-24,m,322.0
DO,2008,25-34,f,272.0
DO,2008,25-34,m,398.0
DO,2008,35-44,f,163.0
DO,2008,35-44,m,337.0
DO,2008,45-54,f,96.0
DO,2008,45-54,m,198.0
DO,2008,5-14,f,30.0
DO,2008,5-14,m,14.0
DO,2008,55-64,f,55.0
DO,2008,55-64,m,122.0
DO,2008,65,f,52.0
DO,2008,65,m,105.0
EE,2005,0-14,f,0.0
EE,2005,0-14,m,0.0
EE,2005,0-4,f,0.0
EE,2005,0-4,m,0.0
EE,2005,15-24,f,6.0
EE,2005,15-24,m,9.0
EE,2005,25-34,f,11.0
EE,2005,25-34,m,25.0
EE,2005,35-44,f,8.0
EE,2005,35-44,m,19.0
EE,2005,45-54,f,11.0
EE,2005,45-54,m,40.0
EE,2005,5-14,f,0.0
EE,2005,5-14,m,0.0
EE,2005,55-64,f,6.0
EE,2005,55-64,m,12.0
EE,2005,65,f,8.0
EE,2005,65,m,7.0
EE,2006,0-14,f,0.0
EE,2006,0-14,m,0.0
EE,2006,0-4,f,0.0
EE,2006,0-4,m,0.0
EE,2006,15-24,f,3.0
EE,2006,15-24,m,4.0
EE,2006,25-34,f,9.0
EE,2006,25-34,m,19.0
EE,2006,35-44,f,10.0
EE,2006,35-44,m,24.0
EE,2006,45-54,f,9.0
EE,2006,45-54,m,40.0
EE,2006,5-14,f,0.0
EE,2006,5-14,m,0.0
EE,2006,55-64,f,4.0
EE,2006,55-64,m,12.0
EE,2006,65,f,6.0
EE,2006,65,m,7.0
EE,2007,0-14,f,0.0
EE,2007,0-14,m,0.0
EE,2007,0-4,f,0.0
EE,2007,0-4,m,0.0
EE,2007,15-24,f,2.0
EE,2007,15-24,m,6.0
EE,2007,25-34,f,5.0
EE,2007,25-34,m,26.0
EE,2007,35-44,f,5.0
EE,2007,35-44,m,32.0
EE,2007,45-54,f,8.0
EE,2007,45-54,m,37.0
EE,2007,5-14,f,0.0
EE,2007,5-14,m,0.0
EE,2007,55-64,f,7.0
EE,2007,55-64,m,21.0
EE,2007,65,f,6.0
EE,2007,65,m,12.0
EE,2008,0-14,f,0.0
EE,2008,0-14,m,0.0
EE,2008,0-4,f,0.0
EE,2008,0-4,m,0.0
EE,2008,15-24,f,2.0
EE,2008,15-24,m,3.0
EE,2008,25-34,f,7.0
EE,2008,25-34,m,14.0
EE,2008,35-44,f,6.0
EE,2008,35-44,m,26.0
EE,2008,45-54,f,8.0
EE,2008,45-54,m,34.0
EE,2008,5-14,f,0.0
EE,2008,5-14,m,0.0
EE,2008,55-64,f,4.0
EE,2008,55-64,m,12.0
EE,2008,65,f,15.0
EE,2008,65,m,13.0
EG,2008,0-14,f,7.0
EG,2008,0-14,m,13.0
EG,2008,0-4,f,0.0
EG,2008,0-4,m,0.0
EG,2008,15-24,f,382.0
EG,2008,15-24,m,581.0
EG,2008,25-34,f,412.0
EG,2008,25-34,m,640.0
EG,2008,35-44,f,308.0
EG,2008,35-44,m,807.0
EG,2008,45-54,f,195.0
EG,2008,45-54,m,791.0
EG,2008,5-14,f,7.0
EG,2008,5-14,m,13.0
EG,2008,55-64,f,169.0
EG,2008,55-64,m,431.0
EG,2008,65,f,113.0
EG,2008,65,m,242.0
ES,2005,0-14,f,10.0
ES,2005,0-14,m,13.0
ES,2005,0-4,f,6.0
ES,2005,0-4,m,6.0
ES,2005,15-24,f,142.0
ES,2005,15-24,m,166.0
ES,2005,25-34,f,252.0
ES,2005,25-34,m,394.0
ES,2005,35-44,f,151.0
ES,2005,35-44,m,367.0
ES,2005,45-54,f,63.0
ES,2005,45-54,m,230.0
ES,2005,5-14,f,4.0
ES,2005,5-14,m,7.0
ES,2005,55-64,f,24.0
ES,2005,55-64,m,140.0
ES,2005,65,f,108.0
ES,2005,65,m,230.0
ES,2006,0-14,f,17.0
ES,2006,0-14,m,18.0
ES,2006,0-4,f,8.0
ES,2006,0-4,m,12.0
ES,2006,15-24,f,122.0
ES,2006,15-24,m,142.0
ES,2006,25-34,f,264.0
ES,2006,25-34,m,332.0
ES,2006,35-44,f,137.0
ES,2006,35-44,m,311.0
ES,2006,45-54,f,48.0
ES,2006,45-54,m,232.0
ES,2006,5-14,f,9.0
ES,2006,5-14,m,6.0
ES,2006,55-64,f,19.0
ES,2006,55-64,m,105.0
ES,2006,65,f,77.0
ES,2006,65,m,175.0
ES,2007,0-14,f,12.0
ES,2007,0-14,m,10.0
ES,2007,0-4,f,8.0
ES,2007,0-4,m,4.0
ES,2007,15-24,f,164.0
ES,2007,15-24,m,184.0
ES,2007,25-34,f,291.0
ES,2007,25-34,m,375.0
ES,2007,35-44,f,136.0
ES,2007,35-44,m,379.0
ES,2007,45-54,f,63.0
ES,2007,45-54,m,257.0
ES,2007,5-14,f,4.0
ES,2007,5-14,m,6.0
ES,2007,55-64,f,23.0
ES,2007,55-64,m,128.0
ES,2007,65,f,93.0
ES,2007,65,m,191.0
ES,2008,0-14,f,13.0
ES,2008,0-14,m,18.0
ES,2008,0-4,f,3.0
ES,2008,0-4,m,9.0
ES,2008,15-24,f,168.0
ES,2008,15-24,m,179.0
ES,2008,25-34,f,294.0
ES,2008,25-34,m,355.0
ES,2008,35-44,f,173.0
ES,2008,35-44,m,349.0
ES,2008,45-54,f,68.0
ES,2008,45-54,m,268.0
ES,2008,5-14,f,10.0
ES,2008,5-14,m,9.0
ES,2008,55-64,f,16.0
ES,2008,55-64,m,157.0
ES,2008,65,f,73.0
ES,2008,65,m,200.0
FI,2005,0-14,f,0.0
FI,2005,0-14,m,1.0
FI,2005,0-4,f,0.0
FI,2005,0-4,m,0.0
FI,2005,15-24,f,3.0
FI,2005,15-24,m,5.0
FI,2005,25-34,f,4.0
FI,2005,25-34,m,4.0
FI,2005,35-44,f,1.0
FI,2005,35-44,m,3.0
FI,2005,45-54,f,0.0
FI,2005,45-54,m,14.0
FI,2005,5-14,f,0.0
FI,2005,5-14,m,1.0
FI,2005,55-64,f,6.0
FI,2005,55-64,m,11.0
FI,2005,65,f,20.0
FI,2005,65,m,25.0
FI,2006,0-14,f,0.0
FI,2006,0-14,m,0.0
FI,2006,0-4,f,0.0
FI,2006,0-4,m,0.0
FI,2006,15-24,f,2.0
FI,2006,15-24,m,5.0
FI,2006,25-34,f,4.0
FI,2006,25-34,m,6.0
FI,2006,35-44,f,3.0
FI,2006,35-44,m,5.0
FI,2006,45-54,f,4.0
FI,2006,45-54,m,9.0
FI,2006,5-14,f,0.0
FI,2006,5-14,m,0.0
FI,2006,55-64,f,1.0
FI,2006,55-64,m,6.0
FI,2006,65,f,19.0
FI,2006,65,m,20.0
FI,2007,0-14,f,0.0
FI,2007,0-14,m,0.0
FI,2007,0-4,f,0.0
FI,2007,0-4,m,0.0
FI,2007,15-24,f,6.0
FI,2007,15-24,m,4.0
FI,2007,25-34,f,4.0
FI,2007,25-34,m,5.0
FI,2007,35-44,f,2.0
FI,2007,35-44,m,5.0
FI,2007,45-54,f,5.0
FI,2007,45-54,m,10.0
FI,2007,5-14,f,0.0
FI,2007,5-14,m,0.0
FI,2007,55-64,f,0.0
FI,2007,55-64,m,7.0
FI,2007,65,f,13.0
FI,2007,65,m,24.0
FI,2008,0-14,f,0.0
FI,2008,0-14,m,0.0
FI,2008,0-4,f,0.0
FI,2008,0-4,m,0.0
FI,2008,15-24,f,4.0
FI,2008,15-24,m,3.0
FI,2008,25-34,f,3.0
FI,2008,25-34,m,5.0
FI,2008,35-44,f,2.0
FI,2008,35-44,m,8.0
FI,2008,45-54,f,4.0
FI,2008,45-54,m,13.0
FI,2008,5-14,f,0.0
FI,2008,5-14,m,0.0
FI,2008,55-64,f,2.0
FI,2008,55-64,m,11.0
FI,2008,65,f,14.0
FI,2008,65,m,35.0
FM,2008,0-14,f,1.0
FM,2008,0-14,m,1.0
FM,2008,0-4,f,1.0
FM,2008,0-4,m,1.0
FM,2008,15-24,f,10.0
FM,2008,15-24,m,9.0
FM,2008,25-34,f,2.0
FM,2008,25-34,m,3.0
FM,2008,35-44,f,5.0
FM,2008,35-44,m,1.0
FM,2008,45-54,f,1.0
FM,2008,45-54,m,3.0
FM,2008,5-14,f,0.0
FM,2008,5-14,m,0.0
FM,2008,55-64,f,0.0
FM,2008,55-64,m,1.0
FM,2008,65,f,0.0
FM,2008,65,m,0.0
FR,2005,0-14,f,16.0
FR,2005,0-14,m,12.0
FR,2005,0-4,f,5.0
FR,2005,0-4,m,7.0
FR,2005,15-24,f,104.0
FR,2005,15-24,m,127.0
FR,2005,25-34,f,134.0
FR,2005,25-34,m,212.0
FR,2005,35-44,f,82.0
FR,2005,35-44,m,222.0
FR,2005,45-54,f,56.0
FR,2005,45-54,m,196.0
FR,2005,5-14,f,11.0
FR,2005,5-14,m,5.0
FR,2005,55-64,f,38.0
FR,2005,55-64,m,134.0
FR,2005,65,f,180.0
FR,2005,65,m,205.0
FR,2006,0-14,f,15.0
FR,2006,0-14,m,17.0
FR,2006,0-4,f,4.0
FR,2006,0-4,m,8.0
FR,2006,15-24,f,112.0
FR,2006,15-24,m,137.0
FR,2006,25-34,f,158.0
FR,2006,25-34,m,214.0
FR,2006,35-44,f,91.0
FR,2006,35-44,m,238.0
FR,2006,45-54,f,67.0
FR,2006,45-54,m,209.0
FR,2006,5-14,f,11.0
FR,2006,5-14,m,9.0
FR,2006,55-64,f,44.0
FR,2006,55-64,m,153.0
FR,2006,65,f,170.0
FR,2006,65,m,278.0
FR,2007,0-14,f,20.0
FR,2007,0-14,m,17.0
FR,2007,0-4,f,6.0
FR,2007,0-4,m,8.0
FR,2007,15-24,f,127.0
FR,2007,15-24,m,120.0
FR,2007,25-34,f,167.0
FR,2007,25-34,m,225.0
FR,2007,35-44,f,91.0
FR,2007,35-44,m,196.0
FR,2007,45-54,f,56.0
FR,2007,45-54,m,219.0
FR,2007,5-14,f,14.0
FR,2007,5-14,m,9.0
FR,2007,55-64,f,61.0
FR,2007,55-64,m,156.0
FR,2007,65,f,188.0
FR,2007,65,m,273.0
FR,2008,0-14,f,8.0
FR,2008,0-14,m,10.0
FR,2008,0-4,f,1.0
FR,2008,0-4,m,5.0
FR,2008,15-24,f,57.0
FR,2008,15-24,m,73.0
FR,2008,25-34,f,96.0
FR,2008,25-34,m,136.0
FR,2008,35-44,f,71.0
FR,2008,35-44,m,161.0
FR,2008,45-54,f,50.0
FR,2008,45-54,m,134.0
FR,2008,5-14,f,7.0
FR,2008,5-14,m,5.0
FR,2008,55-64,f,38.0
FR,2008,55-64,m,110.0
FR,2008,65,f,101.0
FR,2008,65,m,175.0
GB,2005,0-14,f,14.0
GB,2005,0-14,m,9.0
GB,2005,0-4,f,0.0
GB,2005,0-4,m,4.0
GB,2005,15-24,f,115.0
GB,2005,15-24,m,135.0
GB,2005,25-34,f,163.0
GB,2005,25-34,m,200.0
GB,2005,35-44,f,80.0
GB,2005,35-44,m,166.0
GB,2005,45-54,f,39.0
GB,2005,45-54,m,95.0
GB,2005,5-14,f,14.0
GB,2005,5-14,m,5.0
GB,2005,55-64,f,28.0
GB,2005,55-64,m,95.0
GB,2005,65,f,83.0
GB,2005,65,m,124.0
GB,2006,0-14,f,22.0
GB,2006,0-14,m,9.0
GB,2006,0-4,f,2.0
GB,2006,0-4,m,3.0
GB,2006,15-24,f,168.0
GB,2006,15-24,m,173.0
GB,2006,25-34,f,192.0
GB,2006,25-34,m,244.0
GB,2006,35-44,f,112.0
GB,2006,35-44,m,213.0
GB,2006,45-54,f,60.0
GB,2006,45-54,m,148.0
GB,2006,5-14,f,20.0
GB,2006,5-14,m,6.0
GB,2006,55-64,f,42.0
GB,2006,55-64,m,88.0
GB,2006,65,f,97.0
GB,2006,65,m,191.0
GB,2007,0-14,f,20.0
GB,2007,0-14,m,13.0
GB,2007,0-4,f,1.0
GB,2007,0-4,m,2.0
GB,2007,15-24,f,145.0
GB,2007,15-24,m,183.0
GB,2007,25-34,f,222.0
GB,2007,25-34,m,286.0
GB,2007,35-44,f,91.0
GB,2007,35-44,m,223.0
GB,2007,45-54,f,58.0
GB,2007,45-54,m,169.0
GB,2007,5-14,f,19.0
GB,2007,5-14,m,11.0
GB,2007,55-64,f,45.0
GB,2007,55-64,m,97.0
GB,2007,65,f,138.0
GB,2007,65,m,202.0
GB,2008,0-14,f,16.0
GB,2008,0-14,m,5.0
GB,2008,0-4,f,4.0
GB,2008,0-4,m,1.0
GB,2008,15-24,f,134.0
GB,2008,15-24,m,125.0
GB,2008,25-34,f,181.0
GB,2008,25-34,m,188.0
GB,2008,35-44,f,90.0
GB,2008,35-44,m,155.0
GB,2008,45-54,f,27.0
GB,2008,45-54,m,111.0
GB,2008,5-14,f,12.0
GB,2008,5-14,m,4.0
GB,2008,55-64,f,28.0
GB,2008,55-64,m,61.0
GB,2008,65,f,62.0
GB,2008,65,m,99.0
GE,2006,0-14,f,5.0
GE,2006,0-14,m,3.0
GE,2006,0-4,f,0.0
GE,2006,0-4,m,0.0
GE,2006,15-24,f,115.0
GE,2006,15-24,m,315.0
GE,2006,25-34,f,110.0
GE,2006,25-34,m,392.0
GE,2006,35-44,f,71.0
GE,2006,35-44,m,300.0
GE,2006,45-54,f,60.0
GE,2006,45-54,m,241.0
GE,2006,5-14,f,5.0
GE,2006,5-14,m,3.0
GE,2006,55-64,f,26.0
GE,2006,55-64,m,86.0
GE,2006,65,f,34.0
GE,2006,65,m,72.0
GE,2007,0-14,f,6.0
GE,2007,0-14,m,7.0
GE,2007,0-4,f,2.0
GE,2007,0-4,m,6.0
GE,2007,15-24,f,153.0
GE,2007,15-24,m,277.0
GE,2007,25-34,f,140.0
GE,2007,25-34,m,388.0
GE,2007,35-44,f,67.0
GE,2007,35-44,m,308.0
GE,2007,45-54,f,54.0
GE,2007,45-54,m,230.0
GE,2007,5-14,f,4.0
GE,2007,5-14,m,1.0
GE,2007,55-64,f,17.0
GE,2007,55-64,m,96.0
GE,2007,65,f,46.0
GE,2007,65,m,75.0
GE,2008,0-14,f,108.0
GE,2008,0-14,m,161.0
GE,2008,0-4,f,25.0
GE,2008,0-4,m,39.0
GE,2008,15-24,f,396.0
GE,2008,15-24,m,710.0
GE,2008,25-34,f,374.0
GE,2008,25-34,m,974.0
GE,2008,35-44,f,252.0
GE,2008,35-44,m,906.0
GE,2008,45-54,f,171.0
GE,2008,45-54,m,739.0
GE,2008,5-14,f,83.0
GE,2008,5-14,m,122.0
GE,2008,55-64,f,109.0
GE,2008,55-64,m,427.0
GE,2008,65,f,160.0
GE,2008,65,m,347.0
GM,2008,0-14,f,9.0
GM,2008,0-14,m,7.0
GM,2008,0-4,f,1.0
GM,2008,0-4,m,1.0
GM,2008,15-24,f,94.0
GM,2008,15-24,m,151.0
GM,2008,25-34,f,133.0
GM,2008,25-34,m,307.0
GM,2008,35-44,f,90.0
GM,2008,35-44,m,167.0
GM,2008,45-54,f,43.0
GM,2008,45-54,m,125.0
GM,2008,5-14,f,8.0
GM,2008,5-14,m,6.0
GM,2008,55-64,f,45.0
GM,2008,55-64,m,87.0
GM,2008,65,f,8.0
GM,2008,65,m,34.0
GR,2005,0-14,f,0.0
GR,2005,0-14,m,1.0
GR,2005,0-4,f,0.0
GR,2005,0-4,m,0.0
GR,2005,15-24,f,13.0
GR,2005,15-24,m,14.0
GR,2005,25-34,f,18.0
GR,2005,25-34,m,25.0
GR,2005,35-44,f,8.0
GR,2005,35-44,m,22.0
GR,2005,45-54,f,7.0
GR,2005,45-54,m,14.0
GR,2005,5-14,f,0.0
GR,2005,5-14,m,1.0
GR,2005,55-64,f,2.0
GR,2005,55-64,m,12.0
GR,2005,65,f,17.0
GR,2005,65,m,23.0
GR,2006,0-14,f,0.0
GR,2006,0-14,m,0.0
GR,2006,0-4,f,0.0
GR,2006,0-4,m,0.0
GR,2006,15-24,f,13.0
GR,2006,15-24,m,11.0
GR,2006,25-34,f,12.0
GR,2006,25-34,m,32.0
GR,2006,35-44,f,8.0
GR,2006,35-44,m,22.0
GR,2006,45-54,f,5.0
GR,2006,45-54,m,24.0
GR,2006,5-14,f,0.0
GR,2006,5-14,m,0.0
GR,2006,55-64,f,6.0
GR,2006,55-64,m,22.0
GR,2006,65,f,24.0
GR,2006,65,m,27.0
GR,2007,0-14,f,0.0
GR,2007,0-14,m,1.0
GR,2007,0-4,f,0.0
GR,2007,0-4,m,0.0
GR,2007,15-24,f,13.0
GR,2007,15-24,m,21.0
GR,2007,25-34,f,19.0
GR,2007,25-34,m,22.0
GR,2007,35-44,f,11.0
GR,2007,35-44,m,34.0
GR,2007,45-54,f,8.0
GR,2007,45-54,m,28.0
GR,2007,5-14,f,0.0
GR,2007,5-14,m,1.0
GR,2007,55-64,f,3.0
GR,2007,55-64,m,15.0
GR,2007,65,f,24.0
GR,2007,65,m,54.0
GR,2008,0-14,f,0.0
GR,2008,0-14,m,0.0
GR,2008,0-4,f,0.0
GR,2008,0-4,m,0.0
GR,2008,15-24,f,5.0
GR,2008,15-24,m,5.0
GR,2008,25-34,f,9.0
GR,2008,25-34,m,14.0
GR,2008,35-44,f,2.0
GR,2008,35-44,m,12.0
GR,2008,45-54,f,4.0
GR,2008,45-54,m,4.0
GR,2008,5-14,f,0.0
GR,2008,5-14,m,0.0
GR,2008,55-64,f,3.0
GR,2008,55-64,m,6.0
GR,2008,65,f,7.0
GR,2008,65,m,9.0
GT,2008,0-14,f,22.0
GT,2008,0-14,m,19.0
GT,2008,0-4,f,0.0
GT,2008,0-4,m,0.0
GT,2008,15-24,f,199.0
GT,2008,15-24,m,220.0
GT,2008,25-34,f,189.0
GT,2008,25-34,m,257.0
GT,2008,35-44,f,162.0
GT,2008,35-44,m,193.0
GT,2008,45-54,f,154.0
GT,2008,45-54,m,163.0
GT,2008,5-14,f,22.0
GT,2008,5-14,m,19.0
GT,2008,55-64,f,100.0
GT,2008,55-64,m,124.0
GT,2008,65,f,101.0
GT,2008,65,m,167.0
GU,2008,0-14,f,0.0
GU,2008,0-14,m,0.0
GU,2008,0-4,f,0.0
GU,2008,0-4,m,0.0
GU,2008,15-24,f,1.0
GU,2008,15-24,m,0.0
GU,2008,25-34,f,2.0
GU,2008,25-34,m,1.0
GU,2008,35-44,f,0.0
GU,2008,35-44,m,7.0
GU,2008,45-54,f,1.0
GU,2008,45-54,m,8.0
GU,2008,5-14,f,0.0
GU,2008,5-14,m,0.0
GU,2008,55-64,f,1.0
GU,2008,55-64,m,3.0
GU,2008,65,f,3.0
GU,2008,65,m,4.0
GY,2008,0-14,f,4.0
GY,2008,0-14,m,7.0
GY,2008,0-4,f,0.0
GY,2008,0-4,m,2.0
GY,2008,15-24,f,20.0
GY,2008,15-24,m,29.0
GY,2008,25-34,f,23.0
GY,2008,25-34,m,51.0
GY,2008,35-44,f,13.0
GY,2008,35-44,m,71.0
GY,2008,45-54,f,12.0
GY,2008,45-54,m,47.0
GY,2008,5-14,f,4.0
GY,2008,5-14,m,5.0
GY,2008,55-64,f,3.0
GY,2008,55-64,m,22.0
GY,2008,65,f,7.0
GY,2008,65,m,11.0
HK,2008,0-14,f,8.0
HK,2008,0-14,m,0.0
HK,2008,0-4,f,0.0
HK,2008,0-4,m,0.0
HK,2008,15-24,f,65.0
HK,2008,15-24,m,59.0
HK,2008,25-34,f,84.0
HK,2008,25-34,m,79.0
HK,2008,35-44,f,65.0
HK,2008,35-44,m,95.0
HK,2008,45-54,f,45.0
HK,2008,45-54,m,166.0
HK,2008,5-14,f,8.0
HK,2008,5-14,m,0.0
HK,2008,55-64,f,40.0
HK,2008,55-64,m,208.0
HK,2008,65,f,131.0
HK,2008,65,m,414.0
HN,2008,0-14,f,26.0
HN,2008,0-14,m,11.0
HN,2008,0-4,f,0.0
HN,2008,0-4,m,1.0
HN,2008,15-24,f,152.0
HN,2008,15-24,m,254.0
HN,2008,25-34,f,170.0
HN,2008,25-34,m,263.0
HN,2008,35-44,f,114.0
HN,2008,35-44,m,202.0
HN,2008,45-54,f,90.0
HN,2008,45-54,m,140.0
HN,2008,5-14,f,26.0
HN,2008,5-14,m,10.0
HN,2008,55-64,f,82.0
HN,2008,55-64,m,103.0
HN,2008,65,f,116.0
HN,2008,65,m,174.0
HR,2005,0-14,f,1.0
HR,2005,0-14,m,1.0
HR,2005,0-4,f,0.0
HR,2005,0-4,m,0.0
HR,2005,15-24,f,12.0
HR,2005,15-24,m,24.0
HR,2005,25-34,f,18.0
HR,2005,25-34,m,27.0
HR,2005,35-44,f,15.0
HR,2005,35-44,m,48.0
HR,2005,45-54,f,11.0
HR,2005,45-54,m,72.0
HR,2005,5-14,f,1.0
HR,2005,5-14,m,1.0
HR,2005,55-64,f,6.0
HR,2005,55-64,m,47.0
HR,2005,65,f,56.0
HR,2005,65,m,34.0
HR,2006,0-14,f,2.0
HR,2006,0-14,m,0.0
HR,2006,0-4,f,1.0
HR,2006,0-4,m,0.0
HR,2006,15-24,f,16.0
HR,2006,15-24,m,20.0
HR,2006,25-34,f,26.0
HR,2006,25-34,m,23.0
HR,2006,35-44,f,16.0
HR,2006,35-44,m,58.0
HR,2006,45-54,f,22.0
HR,2006,45-54,m,69.0
HR,2006,5-14,f,1.0
HR,2006,5-14,m,0.0
HR,2006,55-64,f,7.0
HR,2006,55-64,m,30.0
HR,2006,65,f,59.0
HR,2006,65,m,48.0
HR,2008,0-14,f,1.0
HR,2008,0-14,m,0.0
HR,2008,0-4,f,0.0
HR,2008,0-4,m,0.0
HR,2008,15-24,f,11.0
HR,2008,15-24,m,15.0
HR,2008,25-34,f,16.0
HR,2008,25-34,m,25.0
HR,2008,35-44,f,13.0
HR,2008,35-44,m,34.0
HR,2008,45-54,f,15.0
HR,2008,45-54,m,63.0
HR,2008,5-14,f,1.0
HR,2008,5-14,m,0.0
HR,2008,55-64,f,12.0
HR,2008,55-64,m,32.0
HR,2008,65,f,44.0
HR,2008,65,m,47.0
HT,2008,0-14,f,154.0
HT,2008,0-14,m,90.0
HT,2008,0-4,f,19.0
HT,2008,0-4,m,8.0
HT,2008,15-24,f,1272.0
HT,2008,15-24,m,1137.0
HT,2008,25-34,f,1204.0
HT,2008,25-34,m,1337.0
HT,2008,35-44,f,677.0
HT,2008,35-44,m,696.0
HT,2008,45-54,f,378.0
HT,2008,45-54,m,491.0
HT,2008,5-14,f,135.0
HT,2008,5-14,m,82.0
HT,2008,55-64,f,179.0
HT,2008,55-64,m,242.0
HT,2008,65,f,139.0
HT,2008,65,m,175.0
HU,2005,0-14,f,1.0
HU,2005,0-14,m,0.0
HU,2005,0-4,f,0.0
HU,2005,0-4,m,0.0
HU,2005,15-24,f,5.0
HU,2005,15-24,m,6.0
HU,2005,25-34,f,13.0
HU,2005,25-34,m,24.0
HU,2005,35-44,f,11.0
HU,2005,35-44,m,67.0
HU,2005,45-54,f,22.0
HU,2005,45-54,m,117.0
HU,2005,5-14,f,1.0
HU,2005,5-14,m,0.0
HU,2005,55-64,f,15.0
HU,2005,55-64,m,67.0
HU,2005,65,f,33.0
HU,2005,65,m,39.0
HU,2006,0-14,f,3.0
HU,2006,0-14,m,2.0
HU,2006,0-4,f,0.0
HU,2006,0-4,m,0.0
HU,2006,15-24,f,17.0
HU,2006,15-24,m,10.0
HU,2006,25-34,f,16.0
HU,2006,25-34,m,31.0
HU,2006,35-44,f,19.0
HU,2006,35-44,m,71.0
HU,2006,45-54,f,28.0
HU,2006,45-54,m,98.0
HU,2006,5-14,f,3.0
HU,2006,5-14,m,2.0
HU,2006,55-64,f,11.0
HU,2006,55-64,m,54.0
HU,2006,65,f,29.0
HU,2006,65,m,33.0
HU,2007,0-14,f,3.0
HU,2007,0-14,m,0.0
HU,2007,0-4,f,1.0
HU,2007,0-4,m,0.0
HU,2007,15-24,f,12.0
HU,2007,15-24,m,7.0
HU,2007,25-34,f,22.0
HU,2007,25-34,m,31.0
HU,2007,35-44,f,18.0
HU,2007,35-44,m,48.0
HU,2007,45-54,f,17.0
HU,2007,45-54,m,103.0
HU,2007,5-14,f,2.0
HU,2007,5-14,m,0.0
HU,2007,55-64,f,6.0
HU,2007,55-64,m,50.0
HU,2007,65,f,29.0
HU,2007,65,m,35.0
HU,2008,0-14,f,0.0
HU,2008,0-14,m,0.0
HU,2008,0-4,f,0.0
HU,2008,0-4,m,0.0
HU,2008,15-24,f,11.0
HU,2008,15-24,m,12.0
HU,2008,25-34,f,13.0
HU,2008,25-34,m,23.0
HU,2008,35-44,f,15.0
HU,2008,35-44,m,47.0
HU,2008,45-54,f,12.0
HU,2008,45-54,m,86.0
HU,2008,5-14,f,0.0
HU,2008,5-14,m,0.0
HU,2008,55-64,f,5.0
HU,2008,55-64,m,72.0
HU,2008,65,f,25.0
HU,2008,65,m,24.0
ID,2008,0-14,f,1015.0
ID,2008,0-14,m,871.0
ID,2008,0-4,f,120.0
ID,2008,0-4,m,161.0
ID,2008,15-24,f,13987.0
ID,2008,15-24,m,15339.0
ID,2008,25-34,f,16292.0
ID,2008,25-34,m,22325.0
ID,2008,35-44,f,13513.0
ID,2008,35-44,m,19224.0
ID,2008,45-54,f,11899.0
ID,2008,45-54,m,18545.0
ID,2008,5-14,f,895.0
ID,2008,5-14,m,710.0
ID,2008,55-64,f,8485.0
ID,2008,55-64,m,14907.0
ID,2008,65,f,3143.0
ID,2008,65,m,6831.0
IE,2005,0-14,f,0.0
IE,2005,0-14,m,1.0
IE,2005,0-4,f,0.0
IE,2005,0-4,m,0.0
IE,2005,15-24,f,9.0
IE,2005,15-24,m,6.0
IE,2005,25-34,f,10.0
IE,2005,25-34,m,10.0
IE,2005,35-44,f,3.0
IE,2005,35-44,m,21.0
IE,2005,45-54,f,3.0
IE,2005,45-54,m,10.0
IE,2005,5-14,f,0.0
IE,2005,5-14,m,1.0
IE,2005,55-64,f,0.0
IE,2005,55-64,m,7.0
IE,2005,65,f,8.0
IE,2005,65,m,6.0
IE,2006,0-14,f,0.0
IE,2006,0-14,m,0.0
IE,2006,0-4,f,0.0
IE,2006,0-4,m,0.0
IE,2006,15-24,f,11.0
IE,2006,15-24,m,8.0
IE,2006,25-34,f,20.0
IE,2006,25-34,m,18.0
IE,2006,35-44,f,8.0
IE,2006,35-44,m,17.0
IE,2006,45-54,f,4.0
IE,2006,45-54,m,11.0
IE,2006,5-14,f,0.0
IE,2006,5-14,m,0.0
IE,2006,55-64,f,3.0
IE,2006,55-64,m,16.0
IE,2006,65,f,3.0
IE,2006,65,m,13.0
IE,2007,0-14,f,0.0
IE,2007,0-14,m,0.0
IE,2007,0-4,f,0.0
IE,2007,0-4,m,0.0
IE,2007,15-24,f,14.0
IE,2007,15-24,m,26.0
IE,2007,25-34,f,28.0
IE,2007,25-34,m,49.0
IE,2007,35-44,f,22.0
IE,2007,35-44,m,32.0
IE,2007,45-54,f,14.0
IE,2007,45-54,m,28.0
IE,2007,5-14,f,0.0
IE,2007,5-14,m,0.0
IE,2007,55-64,f,2.0
IE,2007,55-64,m,26.0
IE,2007,65,f,4.0
IE,2007,65,m,26.0
IE,2008,0-14,f,0.0
IE,2008,0-14,m,2.0
IE,2008,0-4,f,0.0
IE,2008,0-4,m,1.0
IE,2008,15-24,f,12.0
IE,2008,15-24,m,9.0
IE,2008,25-34,f,16.0
IE,2008,25-34,m,18.0
IE,2008,35-44,f,8.0
IE,2008,35-44,m,6.0
IE,2008,45-54,f,3.0
IE,2008,45-54,m,21.0
IE,2008,5-14,f,0.0
IE,2008,5-14,m,1.0
IE,2008,55-64,f,3.0
IE,2008,55-64,m,10.0
IE,2008,65,f,2.0
IE,2008,65,m,13.0
IL,2005,0-14,f,1.0
IL,2005,0-14,m,0.0
IL,2005,0-4,f,1.0
IL,2005,0-4,m,0.0
IL,2005,15-24,f,3.0
IL,2005,15-24,m,5.0
IL,2005,25-34,f,9.0
IL,2005,25-34,m,10.0
IL,2005,35-44,f,8.0
IL,2005,35-44,m,12.0
IL,2005,45-54,f,6.0
IL,2005,45-54,m,12.0
IL,2005,5-14,f,0.0
IL,2005,5-14,m,0.0
IL,2005,55-64,f,1.0
IL,2005,55-64,m,5.0
IL,2005,65,f,9.0
IL,2005,65,m,14.0
IL,2006,0-14,f,0.0
IL,2006,0-14,m,0.0
IL,2006,0-4,f,0.0
IL,2006,0-4,m,0.0
IL,2006,15-24,f,1.0
IL,2006,15-24,m,3.0
IL,2006,25-34,f,5.0
IL,2006,25-34,m,12.0
IL,2006,35-44,f,4.0
IL,2006,35-44,m,14.0
IL,2006,45-54,f,4.0
IL,2006,45-54,m,4.0
IL,2006,5-14,f,0.0
IL,2006,5-14,m,0.0
IL,2006,55-64,f,2.0
IL,2006,55-64,m,6.0
IL,2006,65,f,7.0
IL,2006,65,m,10.0
IL,2007,0-14,f,1.0
IL,2007,0-14,m,1.0
IL,2007,0-4,f,0.0
IL,2007,0-4,m,0.0
IL,2007,15-24,f,4.0
IL,2007,15-24,m,9.0
IL,2007,25-34,f,17.0
IL,2007,25-34,m,20.0
IL,2007,35-44,f,5.0
IL,2007,35-44,m,23.0
IL,2007,45-54,f,3.0
IL,2007,45-54,m,13.0
IL,2007,5-14,f,1.0
IL,2007,5-14,m,1.0
IL,2007,55-64,f,6.0
IL,2007,55-64,m,10.0
IL,2007,65,f,14.0
IL,2007,65,m,17.0
IL,2008,0-14,f,2.0
IL,2008,0-14,m,0.0
IL,2008,0-4,f,1.0
IL,2008,0-4,m,0.0
IL,2008,15-24,f,4.0
IL,2008,15-24,m,14.0
IL,2008,25-34,f,11.0
IL,2008,25-34,m,25.0
IL,2008,35-44,f,14.0
IL,2008,35-44,m,18.0
IL,2008,45-54,f,8.0
IL,2008,45-54,m,14.0
IL,2008,5-14,f,1.0
IL,2008,5-14,m,0.0
IL,2008,55-64,f,4.0
IL,2008,55-64,m,15.0
IL,2008,65,f,19.0
IL,2008,65,m,25.0
IQ,2008,0-14,f,54.0
IQ,2008,0-14,m,18.0
IQ,2008,0-4,f,1.0
IQ,2008,0-4,m,2.0
IQ,2008,15-24,f,377.0
IQ,2008,15-24,m,348.0
IQ,2008,25-34,f,281.0
IQ,2008,25-34,m,525.0
IQ,2008,35-44,f,125.0
IQ,2008,35-44,m,317.0
IQ,2008,45-54,f,175.0
IQ,2008,45-54,m,273.0
IQ,2008,5-14,f,53.0
IQ,2008,5-14,m,16.0
IQ,2008,55-64,f,161.0
IQ,2008,55-64,m,224.0
IQ,2008,65,f,125.0
IQ,2008,65,m,147.0
IR,2008,0-14,f,42.0
IR,2008,0-14,m,11.0
IR,2008,0-4,f,2.0
IR,2008,0-4,m,0.0
IR,2008,15-24,f,386.0
IR,2008,15-24,m,292.0
IR,2008,25-34,f,254.0
IR,2008,25-34,m,466.0
IR,2008,35-44,f,137.0
IR,2008,35-44,m,330.0
IR,2008,45-54,f,263.0
IR,2008,45-54,m,322.0
IR,2008,5-14,f,40.0
IR,2008,5-14,m,11.0
IR,2008,55-64,f,367.0
IR,2008,55-64,m,267.0
IR,2008,65,f,879.0
IR,2008,65,m,706.0
IS,2005,0-14,f,0.0
IS,2005,0-14,m,0.0
IS,2005,0-4,f,0.0
IS,2005,0-4,m,0.0
IS,2005,15-24,f,0.0
IS,2005,15-24,m,0.0
IS,2005,25-34,f,0.0
IS,2005,25-34,m,0.0
IS,2005,35-44,f,0.0
IS,2005,35-44,m,1.0
IS,2005,45-54,f,0.0
IS,2005,45-54,m,0.0
IS,2005,5-14,f,0.0
IS,2005,5-14,m,0.0
IS,2005,55-64,f,0.0
IS,2005,55-64,m,0.0
IS,2005,65,f,0.0
IS,2005,65,m,1.0
IS,2006,0-14,f,0.0
IS,2006,0-14,m,0.0
IS,2006,0-4,f,0.0
IS,2006,0-4,m,0.0
IS,2006,15-24,f,0.0
IS,2006,15-24,m,0.0
IS,2006,25-34,f,2.0
IS,2006,25-34,m,0.0
IS,2006,35-44,f,0.0
IS,2006,35-44,m,0.0
IS,2006,45-54,f,0.0
IS,2006,45-54,m,0.0
IS,2006,5-14,f,0.0
IS,2006,5-14,m,0.0
IS,2006,55-64,f,0.0
IS,2006,55-64,m,0.0
IS,2006,65,f,1.0
IS,2006,65,m,1.0
IS,2007,0-14,f,0.0
IS,2007,0-14,m,0.0
IS,2007,0-4,f,0.0
IS,2007,0-4,m,0.0
IS,2007,15-24,f,0.0
IS,2007,15-24,m,0.0
IS,2007,25-34,f,0.0
IS,2007,25-34,m,0.0
IS,2007,35-44,f,2.0
IS,2007,35-44,m,0.0
IS,2007,45-54,f,0.0
IS,2007,45-54,m,0.0
IS,2007,5-14,f,0.0
IS,2007,5-14,m,0.0
IS,2007,55-64,f,0.0
IS,2007,55-64,m,0.0
IS,2007,65,f,2.0
IS,2007,65,m,0.0
IS,2008,0-14,f,0.0
IS,2008,0-14,m,0.0
IS,2008,0-4,f,0.0
IS,2008,0-4,m,0.0
IS,2008,15-24,f,0.0
IS,2008,15-24,m,0.0
IS,2008,25-34,f,0.0
IS,2008,25-34,m,1.0
IS,2008,35-44,f,0.0
IS,2008,35-44,m,1.0
IS,2008,45-54,f,0.0
IS,2008,45-54,m,0.0
IS,2008,5-14,f,0.0
IS,2008,5-14,m,0.0
IS,2008,55-64,f,0.0
IS,2008,55-64,m,0.0
IS,2008,65,f,0.0
IS,2008,65,m,0.0
IT,2005,0-14,f,3.0
IT,2005,0-14,m,8.0
IT,2005,0-4,f,0.0
IT,2005,0-4,m,7.0
IT,2005,15-24,f,80.0
IT,2005,15-24,m,93.0
IT,2005,25-34,f,145.0
IT,2005,25-34,m,191.0
IT,2005,35-44,f,56.0
IT,2005,35-44,m,137.0
IT,2005,45-54,f,25.0
IT,2005,45-54,m,101.0
IT,2005,5-14,f,3.0
IT,2005,5-14,m,1.0
IT,2005,55-64,f,19.0
IT,2005,55-64,m,61.0
IT,2005,65,f,70.0
IT,2005,65,m,115.0
IT,2006,0-14,f,9.0
IT,2006,0-14,m,7.0
IT,2006,0-4,f,3.0
IT,2006,0-4,m,6.0
IT,2006,15-24,f,88.0
IT,2006,15-24,m,113.0
IT,2006,25-34,f,165.0
IT,2006,25-34,m,201.0
IT,2006,35-44,f,82.0
IT,2006,35-44,m,197.0
IT,2006,45-54,f,48.0
IT,2006,45-54,m,105.0
IT,2006,5-14,f,6.0
IT,2006,5-14,m,1.0
IT,2006,55-64,f,16.0
IT,2006,55-64,m,75.0
IT,2006,65,f,88.0
IT,2006,65,m,152.0
IT,2007,0-14,f,7.0
IT,2007,0-14,m,3.0
IT,2007,0-4,f,0.0
IT,2007,0-4,m,1.0
IT,2007,15-24,f,74.0
IT,2007,15-24,m,75.0
IT,2007,25-34,f,94.0
IT,2007,25-34,m,170.0
IT,2007,35-44,f,58.0
IT,2007,35-44,m,113.0
IT,2007,45-54,f,31.0
IT,2007,45-54,m,87.0
IT,2007,5-14,f,7.0
IT,2007,5-14,m,2.0
IT,2007,55-64,f,19.0
IT,2007,55-64,m,48.0
IT,2007,65,f,76.0
IT,2007,65,m,106.0
IT,2008,0-14,f,10.0
IT,2008,0-14,m,13.0
IT,2008,0-4,f,3.0
IT,2008,0-4,m,1.0
IT,2008,15-24,f,65.0
IT,2008,15-24,m,78.0
IT,2008,25-34,f,106.0
IT,2008,25-34,m,148.0
IT,2008,35-44,f,56.0
IT,2008,35-44,m,137.0
IT,2008,45-54,f,24.0
IT,2008,45-54,m,72.0
IT,2008,5-14,f,7.0
IT,2008,5-14,m,12.0
IT,2008,55-64,f,21.0
IT,2008,55-64,m,42.0
IT,2008,65,f,56.0
IT,2008,65,m,104.0
JM,2008,0-14,f,1.0
JM,2008,0-14,m,3.0
JM,2008,0-4,f,0.0
JM,2008,0-4,m,2.0
JM,2008,15-24,f,8.0
JM,2008,15-24,m,2.0
JM,2008,25-34,f,3.0
JM,2008,25-34,m,10.0
JM,2008,35-44,f,3.0
JM,2008,35-44,m,10.0
JM,2008,45-54,f,1.0
JM,2008,45-54,m,11.0
JM,2008,5-14,f,1.0
JM,2008,5-14,m,1.0
JM,2008,55-64,f,1.0
JM,2008,55-64,m,11.0
JM,2008,65,f,6.0
JM,2008,65,m,5.0
JO,2008,0-14,f,0.0
JO,2008,0-14,m,0.0
JO,2008,0-4,f,0.0
JO,2008,0-4,m,0.0
JO,2008,15-24,f,20.0
JO,2008,15-24,m,13.0
JO,2008,25-34,f,15.0
JO,2008,25-34,m,10.0
JO,2008,35-44,f,6.0
JO,2008,35-44,m,3.0
JO,2008,45-54,f,4.0
JO,2008,45-54,m,5.0
JO,2008,5-14,f,0.0
JO,2008,5-14,m,0.0
JO,2008,55-64,f,7.0
JO,2008,55-64,m,13.0
JO,2008,65,f,3.0
JO,2008,65,m,5.0
JP,2008,0-14,f,1.0
JP,2008,0-14,m,2.0
JP,2008,0-4,f,0.0
JP,2008,0-4,m,0.0
JP,2008,15-24,f,115.0
JP,2008,15-24,m,117.0
JP,2008,25-34,f,293.0
JP,2008,25-34,m,339.0
JP,2008,35-44,f,230.0
JP,2008,35-44,m,456.0
JP,2008,45-54,f,173.0
JP,2008,45-54,m,599.0
JP,2008,5-14,f,1.0
JP,2008,5-14,m,2.0
JP,2008,55-64,f,253.0
JP,2008,55-64,m,1063.0
JP,2008,65,f,1872.0
JP,2008,65,m,3482.0
KE,2008,0-14,f,586.0
KE,2008,0-14,m,451.0
KE,2008,0-4,f,40.0
KE,2008,0-4,m,40.0
KE,2008,15-24,f,4355.0
KE,2008,15-24,m,4709.0
KE,2008,25-34,f,5475.0
KE,2008,25-34,m,8128.0
KE,2008,35-44,f,2431.0
KE,2008,35-44,m,4924.0
KE,2008,45-54,f,1065.0
KE,2008,45-54,m,2302.0
KE,2008,5-14,f,546.0
KE,2008,5-14,m,411.0
KE,2008,55-64,f,481.0
KE,2008,55-64,m,1025.0
KE,2008,65,f,296.0
KE,2008,65,m,583.0
KG,2005,0-14,f,15.0
KG,2005,0-14,m,1.0
KG,2005,0-4,f,0.0
KG,2005,0-4,m,0.0
KG,2005,15-24,f,215.0
KG,2005,15-24,m,247.0
KG,2005,25-34,f,236.0
KG,2005,25-34,m,303.0
KG,2005,35-44,f,141.0
KG,2005,35-44,m,269.0
KG,2005,45-54,f,70.0
KG,2005,45-54,m,194.0
KG,2005,5-14,f,15.0
KG,2005,5-14,m,1.0
KG,2005,55-64,f,33.0
KG,2005,55-64,m,66.0
KG,2005,65,f,98.0
KG,2005,65,m,84.0
KI,2008,0-14,f,4.0
KI,2008,0-14,m,2.0
KI,2008,0-4,f,0.0
KI,2008,0-4,m,0.0
KI,2008,15-24,f,33.0
KI,2008,15-24,m,30.0
KI,2008,25-34,f,9.0
KI,2008,25-34,m,9.0
KI,2008,35-44,f,12.0
KI,2008,35-44,m,15.0
KI,2008,45-54,f,9.0
KI,2008,45-54,m,10.0
KI,2008,5-14,f,4.0
KI,2008,5-14,m,2.0
KI,2008,55-64,f,3.0
KI,2008,55-64,m,2.0
KI,2008,65,f,4.0
KI,2008,65,m,5.0
KM,2008,0-14,f,2.0
KM,2008,0-14,m,2.0
KM,2008,0-4,f,0.0
KM,2008,0-4,m,0.0
KM,2008,15-24,f,6.0
KM,2008,15-24,m,11.0
KM,2008,25-34,f,11.0
KM,2008,25-34,m,11.0
KM,2008,35-44,f,1.0
KM,2008,35-44,m,4.0
KM,2008,45-54,f,6.0
KM,2008,45-54,m,9.0
KM,2008,5-14,f,2.0
KM,2008,5-14,m,2.0
KM,2008,55-64,f,2.0
KM,2008,55-64,m,5.0
KM,2008,65,f,2.0
KM,2008,65,m,5.0
KN,2008,0-14,f,0.0
KN,2008,0-14,m,0.0
KN,2008,0-4,f,0.0
KN,2008,0-4,m,0.0
KN,2008,15-24,f,0.0
KN,2008,15-24,m,0.0
KN,2008,25-34,f,1.0
KN,2008,25-34,m,0.0
KN,2008,35-44,f,0.0
KN,2008,35-44,m,0.0
KN,2008,45-54,f,1.0
KN,2008,45-54,m,3.0
KN,2008,5-14,f,0.0
KN,2008,5-14,m,0.0
KN,2008,55-64,f,0.0
KN,2008,55-64,m,0.0
KN,2008,65,f,0.0
KN,2008,65,m,0.0
KP,2008,0-14,f,479.0
KP,2008,0-14,m,441.0
KP,2008,0-4,f,7.0
KP,2008,0-4,m,11.0
KP,2008,15-24,f,1259.0
KP,2008,15-24,m,2341.0
KP,2008,25-34,f,1792.0
KP,2008,25-34,m,3320.0
KP,2008,35-44,f,2428.0
KP,2008,35-44,m,4263.0
KP,2008,45-54,f,2282.0
KP,2008,45-54,m,3988.0
KP,2008,5-14,f,472.0
KP,2008,5-14,m,430.0
KP,2008,55-64,f,1177.0
KP,2008,55-64,m,2704.0
KP,2008,65,f,604.0
KP,2008,65,m,948.0
KR,2008,0-14,f,32.0
KR,2008,0-14,m,21.0
KR,2008,0-4,f,1.0
KR,2008,0-4,m,3.0
KR,2008,15-24,f,483.0
KR,2008,15-24,m,492.0
KR,2008,25-34,f,722.0
KR,2008,25-34,m,865.0
KR,2008,35-44,f,483.0
KR,2008,35-44,m,1093.0
KR,2008,45-54,f,402.0
KR,2008,45-54,m,1400.0
KR,2008,5-14,f,31.0
KR,2008,5-14,m,18.0
KR,2008,55-64,f,360.0
KR,2008,55-64,m,958.0
KR,2008,65,f,1889.0
KR,2008,65,m,1848.0
KW,2008,0-14,f,2.0
KW,2008,0-14,m,0.0
KW,2008,0-4,f,0.0
KW,2008,0-4,m,0.0
KW,2008,15-24,f,33.0
KW,2008,15-24,m,18.0
KW,2008,25-34,f,47.0
KW,2008,25-34,m,90.0
KW,2008,35-44,f,27.0
KW,2008,35-44,m,56.0
KW,2008,45-54,f,7.0
KW,2008,45-54,m,34.0
KW,2008,5-14,f,2.0
KW,2008,5-14,m,0.0
KW,2008,55-64,f,5.0
KW,2008,55-64,m,11.0
KW,2008,65,f,6.0
KW,2008,65,m,9.0
KZ,2005,0-14,f,46.0
KZ,2005,0-14,m,31.0
KZ,2005,0-4,f,1.0
KZ,2005,0-4,m,0.0
KZ,2005,15-24,f,751.0
KZ,2005,15-24,m,917.0
KZ,2005,25-34,f,767.0
KZ,2005,25-34,m,1142.0
KZ,2005,35-44,f,436.0
KZ,2005,35-44,m,983.0
KZ,2005,45-54,f,286.0
KZ,2005,45-54,m,795.0
KZ,2005,5-14,f,45.0
KZ,2005,5-14,m,31.0
KZ,2005,55-64,f,121.0
KZ,2005,55-64,m,274.0
KZ,2005,65,f,187.0
KZ,2005,65,m,175.0
KZ,2007,0-14,f,38.0
KZ,2007,0-14,m,14.0
KZ,2007,0-4,f,0.0
KZ,2007,0-4,m,3.0
KZ,2007,15-24,f,782.0
KZ,2007,15-24,m,881.0
KZ,2007,25-34,f,605.0
KZ,2007,25-34,m,976.0
KZ,2007,35-44,f,367.0
KZ,2007,35-44,m,859.0
KZ,2007,45-54,f,249.0
KZ,2007,45-54,m,714.0
KZ,2007,5-14,f,38.0
KZ,2007,5-14,m,11.0
KZ,2007,55-64,f,124.0
KZ,2007,55-64,m,279.0
KZ,2007,65,f,157.0
KZ,2007,65,m,150.0
KZ,2008,0-14,f,44.0
KZ,2008,0-14,m,14.0
KZ,2008,0-4,f,1.0
KZ,2008,0-4,m,0.0
KZ,2008,15-24,f,710.0
KZ,2008,15-24,m,897.0
KZ,2008,25-34,f,659.0
KZ,2008,25-34,m,968.0
KZ,2008,35-44,f,320.0
KZ,2008,35-44,m,811.0
KZ,2008,45-54,f,230.0
KZ,2008,45-54,m,752.0
KZ,2008,5-14,f,43.0
KZ,2008,5-14,m,14.0
KZ,2008,55-64,f,137.0
KZ,2008,55-64,m,306.0
KZ,2008,65,f,185.0
KZ,2008,65,m,160.0
LB,2008,0-14,f,2.0
LB,2008,0-14,m,1.0
LB,2008,0-4,f,0.0
LB,2008,0-4,m,0.0
LB,2008,15-24,f,24.0
LB,2008,15-24,m,9.0
LB,2008,25-34,f,32.0
LB,2008,25-34,m,14.0
LB,2008,35-44,f,15.0
LB,2008,35-44,m,12.0
LB,2008,45-54,f,7.0
LB,2008,45-54,m,17.0
LB,2008,5-14,f,2.0
LB,2008,5-14,m,1.0
LB,2008,55-64,f,3.0
LB,2008,55-64,m,14.0
LB,2008,65,f,2.0
LB,2008,65,m,6.0
LC,2008,0-14,f,1.0
LC,2008,0-14,m,0.0
LC,2008,0-4,f,0.0
LC,2008,0-4,m,0.0
LC,2008,15-24,f,0.0
LC,2008,15-24,m,2.0
LC,2008,25-34,f,1.0
LC,2008,25-34,m,0.0
LC,2008,35-44,f,3.0
LC,2008,35-44,m,2.0
LC,2008,45-54,f,2.0
LC,2008,45-54,m,2.0
LC,2008,5-14,f,1.0
LC,2008,5-14,m,0.0
LC,2008,55-64,f,1.0
LC,2008,55-64,m,2.0
LC,2008,65,f,2.0
LC,2008,65,m,1.0
LR,2008,0-14,f,56.0
LR,2008,0-14,m,107.0
LR,2008,0-4,f,1.0
LR,2008,0-4,m,3.0
LR,2008,15-24,f,115.0
LR,2008,15-24,m,129.0
LR,2008,25-34,f,237.0
LR,2008,25-34,m,412.0
LR,2008,35-44,f,367.0
LR,2008,35-44,m,532.0
LR,2008,45-54,f,298.0
LR,2008,45-54,m,308.0
LR,2008,5-14,f,55.0
LR,2008,5-14,m,104.0
LR,2008,55-64,f,170.0
LR,2008,55-64,m,169.0
LR,2008,65,f,44.0
LR,2008,65,m,98.0
LS,2008,0-14,f,24.0
LS,2008,0-14,m,21.0
LS,2008,0-4,f,1.0
LS,2008,0-4,m,0.0
LS,2008,15-24,f,343.0
LS,2008,15-24,m,223.0
LS,2008,25-34,f,700.0
LS,2008,25-34,m,615.0
LS,2008,35-44,f,358.0
LS,2008,35-44,m,542.0
LS,2008,45-54,f,146.0
LS,2008,45-54,m,380.0
LS,2008,5-14,f,23.0
LS,2008,5-14,m,21.0
LS,2008,55-64,f,76.0
LS,2008,55-64,m,242.0
LS,2008,65,f,54.0
LS,2008,65,m,138.0
LT,2005,0-14,f,1.0
LT,2005,0-14,m,0.0
LT,2005,0-4,f,0.0
LT,2005,0-4,m,0.0
LT,2005,15-24,f,25.0
LT,2005,15-24,m,42.0
LT,2005,25-34,f,41.0
LT,2005,25-34,m,118.0
LT,2005,35-44,f,57.0
LT,2005,35-44,m,186.0
LT,2005,45-54,f,49.0
LT,2005,45-54,m,187.0
LT,2005,5-14,f,1.0
LT,2005,5-14,m,0.0
LT,2005,55-64,f,23.0
LT,2005,55-64,m,108.0
LT,2005,65,f,54.0
LT,2005,65,m,67.0
LT,2006,0-14,f,0.0
LT,2006,0-14,m,0.0
LT,2006,0-4,f,0.0
LT,2006,0-4,m,0.0
LT,2006,15-24,f,25.0
LT,2006,15-24,m,38.0
LT,2006,25-34,f,48.0
LT,2006,25-34,m,120.0
LT,2006,35-44,f,56.0
LT,2006,35-44,m,207.0
LT,2006,45-54,f,52.0
LT,2006,45-54,m,211.0
LT,2006,5-14,f,0.0
LT,2006,5-14,m,0.0
LT,2006,55-64,f,38.0
LT,2006,55-64,m,107.0
LT,2006,65,f,53.0
LT,2006,65,m,74.0
LT,2007,0-14,f,0.0
LT,2007,0-14,m,0.0
LT,2007,0-4,f,0.0
LT,2007,0-4,m,0.0
LT,2007,15-24,f,34.0
LT,2007,15-24,m,31.0
LT,2007,25-34,f,41.0
LT,2007,25-34,m,77.0
LT,2007,35-44,f,48.0
LT,2007,35-44,m,165.0
LT,2007,45-54,f,50.0
LT,2007,45-54,m,235.0
LT,2007,5-14,f,0.0
LT,2007,5-14,m,0.0
LT,2007,55-64,f,22.0
LT,2007,55-64,m,109.0
LT,2007,65,f,37.0
LT,2007,65,m,76.0
LT,2008,0-14,f,1.0
LT,2008,0-14,m,0.0
LT,2008,0-4,f,0.0
LT,2008,0-4,m,0.0
LT,2008,15-24,f,20.0
LT,2008,15-24,m,39.0
LT,2008,25-34,f,51.0
LT,2008,25-34,m,110.0
LT,2008,35-44,f,46.0
LT,2008,35-44,m,162.0
LT,2008,45-54,f,36.0
LT,2008,45-54,m,182.0
LT,2008,5-14,f,1.0
LT,2008,5-14,m,0.0
LT,2008,55-64,f,18.0
LT,2008,55-64,m,104.0
LT,2008,65,f,44.0
LT,2008,65,m,71.0
LU,2005,0-14,f,0.0
LU,2005,0-14,m,0.0
LU,2005,0-4,f,0.0
LU,2005,0-4,m,0.0
LU,2005,15-24,f,0.0
LU,2005,15-24,m,0.0
LU,2005,25-34,f,2.0
LU,2005,25-34,m,2.0
LU,2005,35-44,f,1.0
LU,2005,35-44,m,2.0
LU,2005,45-54,f,1.0
LU,2005,45-54,m,1.0
LU,2005,5-14,f,0.0
LU,2005,5-14,m,0.0
LU,2005,55-64,f,1.0
LU,2005,55-64,m,1.0
LU,2005,65,f,0.0
LU,2005,65,m,2.0
LU,2006,0-14,f,0.0
LU,2006,0-14,m,0.0
LU,2006,0-4,f,0.0
LU,2006,0-4,m,0.0
LU,2006,15-24,f,2.0
LU,2006,15-24,m,0.0
LU,2006,25-34,f,3.0
LU,2006,25-34,m,3.0
LU,2006,35-44,f,2.0
LU,2006,35-44,m,2.0
LU,2006,45-54,f,0.0
LU,2006,45-54,m,3.0
LU,2006,5-14,f,0.0
LU,2006,5-14,m,0.0
LU,2006,55-64,f,1.0
LU,2006,55-64,m,2.0
LU,2006,65,f,1.0
LU,2006,65,m,3.0
LU,2007,0-14,f,0.0
LU,2007,0-14,m,0.0
LU,2007,0-4,f,0.0
LU,2007,0-4,m,0.0
LU,2007,15-24,f,0.0
LU,2007,15-24,m,0.0
LU,2007,25-34,f,0.0
LU,2007,25-34,m,0.0
LU,2007,35-44,f,0.0
LU,2007,35-44,m,1.0
LU,2007,45-54,f,0.0
LU,2007,45-54,m,0.0
LU,2007,5-14,f,0.0
LU,2007,5-14,m,0.0
LU,2007,55-64,f,0.0
LU,2007,55-64,m,0.0
LU,2007,65,f,0.0
LU,2007,65,m,0.0
LU,2008,0-14,f,0.0
LU,2008,0-14,m,0.0
LU,2008,0-4,f,0.0
LU,2008,0-4,m,0.0
LU,2008,15-24,f,0.0
LU,2008,15-24,m,0.0
LU,2008,25-34,f,0.0
LU,2008,25-34,m,0.0
LU,2008,35-44,f,0.0
LU,2008,35-44,m,0.0
LU,2008,45-54,f,0.0
LU,2008,45-54,m,0.0
LU,2008,5-14,f,0.0
LU,2008,5-14,m,0.0
LU,2008,55-64,f,0.0
LU,2008,55-64,m,0.0
LU,2008,65,f,0.0
LU,2008,65,m,0.0
LV,2005,0-14,f,0.0
LV,2005,0-14,m,1.0
LV,2005,0-4,f,0.0
LV,2005,0-4,m,0.0
LV,2005,15-24,f,17.0
LV,2005,15-24,m,22.0
LV,2005,25-34,f,31.0
LV,2005,25-34,m,71.0
LV,2005,35-44,f,31.0
LV,2005,35-44,m,104.0
LV,2005,45-54,f,23.0
LV,2005,45-54,m,117.0
LV,2005,5-14,f,0.0
LV,2005,5-14,m,1.0
LV,2005,55-64,f,18.0
LV,2005,55-64,m,55.0
LV,2005,65,f,12.0
LV,2005,65,m,34.0
LV,2006,0-14,f,0.0
LV,2006,0-14,m,2.0
LV,2006,0-4,f,0.0
LV,2006,0-4,m,0.0
LV,2006,15-24,f,17.0
LV,2006,15-24,m,27.0
LV,2006,25-34,f,27.0
LV,2006,25-34,m,78.0
LV,2006,35-44,f,33.0
LV,2006,35-44,m,82.0
LV,2006,45-54,f,28.0
LV,2006,45-54,m,105.0
LV,2006,5-14,f,0.0
LV,2006,5-14,m,2.0
LV,2006,55-64,f,9.0
LV,2006,55-64,m,51.0
LV,2006,65,f,13.0
LV,2006,65,m,26.0
LV,2008,0-14,f,0.0
LV,2008,0-14,m,0.0
LV,2008,0-4,f,0.0
LV,2008,0-4,m,0.0
LV,2008,15-24,f,11.0
LV,2008,15-24,m,28.0
LV,2008,25-34,f,23.0
LV,2008,25-34,m,54.0
LV,2008,35-44,f,26.0
LV,2008,35-44,m,71.0
LV,2008,45-54,f,21.0
LV,2008,45-54,m,71.0
LV,2008,5-14,f,0.0
LV,2008,5-14,m,0.0
LV,2008,55-64,f,9.0
LV,2008,55-64,m,47.0
LV,2008,65,f,12.0
LV,2008,65,m,27.0
LY,2008,0-14,f,6.0
LY,2008,0-14,m,2.0
LY,2008,0-4,f,0.0
LY,2008,0-4,m,1.0
LY,2008,15-24,f,56.0
LY,2008,15-24,m,116.0
LY,2008,25-34,f,35.0
LY,2008,25-34,m,298.0
LY,2008,35-44,f,22.0
LY,2008,35-44,m,162.0
LY,2008,45-54,f,20.0
LY,2008,45-54,m,85.0
LY,2008,5-14,f,6.0
LY,2008,5-14,m,1.0
LY,2008,55-64,f,9.0
LY,2008,55-64,m,24.0
LY,2008,65,f,17.0
LY,2008,65,m,19.0
MA,2008,0-14,f,124.0
MA,2008,0-14,m,51.0
MA,2008,0-4,f,4.0
MA,2008,0-4,m,5.0
MA,2008,15-24,f,1081.0
MA,2008,15-24,m,1992.0
MA,2008,25-34,f,803.0
MA,2008,25-34,m,2372.0
MA,2008,35-44,f,479.0
MA,2008,35-44,m,1514.0
MA,2008,45-54,f,360.0
MA,2008,45-54,m,1179.0
MA,2008,5-14,f,120.0
MA,2008,5-14,m,46.0
MA,2008,55-64,f,290.0
MA,2008,55-64,m,633.0
MA,2008,65,f,358.0
MA,2008,65,m,589.0
MD,2005,0-14,f,3.0
MD,2005,0-14,m,2.0
MD,2005,0-4,f,0.0
MD,2005,0-4,m,0.0
MD,2005,15-24,f,97.0
MD,2005,15-24,m,211.0
MD,2005,25-34,f,92.0
MD,2005,25-34,m,337.0
MD,2005,35-44,f,57.0
MD,2005,35-44,m,345.0
MD,2005,45-54,f,61.0
MD,2005,45-54,m,313.0
MD,2005,5-14,f,3.0
MD,2005,5-14,m,2.0
MD,2005,55-64,f,23.0
MD,2005,55-64,m,106.0
MD,2005,65,f,18.0
MD,2005,65,m,31.0
MD,2007,0-14,f,2.0
MD,2007,0-14,m,0.0
MD,2007,0-4,f,0.0
MD,2007,0-4,m,0.0
MD,2007,15-24,f,97.0
MD,2007,15-24,m,181.0
MD,2007,25-34,f,85.0
MD,2007,25-34,m,281.0
MD,2007,35-44,f,57.0
MD,2007,35-44,m,343.0
MD,2007,45-54,f,58.0
MD,2007,45-54,m,314.0
MD,2007,5-14,f,2.0
MD,2007,5-14,m,0.0
MD,2007,55-64,f,25.0
MD,2007,55-64,m,107.0
MD,2007,65,f,25.0
MD,2007,65,m,35.0
MD,2008,0-14,f,4.0
MD,2008,0-14,m,1.0
MD,2008,0-4,f,2.0
MD,2008,0-4,m,0.0
MD,2008,15-24,f,85.0
MD,2008,15-24,m,167.0
MD,2008,25-34,f,81.0
MD,2008,25-34,m,271.0
MD,2008,35-44,f,57.0
MD,2008,35-44,m,314.0
MD,2008,45-54,f,52.0
MD,2008,45-54,m,317.0
MD,2008,5-14,f,2.0
MD,2008,5-14,m,1.0
MD,2008,55-64,f,22.0
MD,2008,55-64,m,105.0
MD,2008,65,f,25.0
MD,2008,65,m,32.0
ME,2005,0-14,f,0.0
ME,2005,0-14,m,0.0
ME,2005,0-4,f,0.0
ME,2005,0-4,m,0.0
ME,2005,15-24,f,0.0
ME,2005,15-24,m,3.0
ME,2005,25-34,f,7.0
ME,2005,25-34,m,5.0
ME,2005,35-44,f,3.0
ME,2005,35-44,m,7.0
ME,2005,45-54,f,4.0
ME,2005,45-54,m,15.0
ME,2005,5-14,f,0.0
ME,2005,5-14,m,0.0
ME,2005,55-64,f,0.0
ME,2005,55-64,m,4.0
ME,2005,65,f,8.0
ME,2005,65,m,8.0
ME,2007,0-14,f,0.0
ME,2007,0-14,m,0.0
ME,2007,0-4,f,0.0
ME,2007,0-4,m,0.0
ME,2007,15-24,f,3.0
ME,2007,15-24,m,0.0
ME,2007,25-34,f,3.0
ME,2007,25-34,m,6.0
ME,2007,35-44,f,4.0
ME,2007,35-44,m,3.0
ME,2007,45-54,f,3.0
ME,2007,45-54,m,10.0
ME,2007,5-14,f,0.0
ME,2007,5-14,m,0.0
ME,2007,55-64,f,3.0
ME,2007,55-64,m,1.0
ME,2007,65,f,1.0
ME,2007,65,m,3.0
ME,2008,0-14,f,0.0
ME,2008,0-14,m,0.0
ME,2008,0-4,f,0.0
ME,2008,0-4,m,0.0
ME,2008,15-24,f,4.0
ME,2008,15-24,m,2.0
ME,2008,25-34,f,5.0
ME,2008,25-34,m,7.0
ME,2008,35-44,f,5.0
ME,2008,35-44,m,10.0
ME,2008,45-54,f,10.0
ME,2008,45-54,m,5.0
ME,2008,5-14,f,0.0
ME,2008,5-14,m,0.0
ME,2008,55-64,f,4.0
ME,2008,55-64,m,5.0
ME,2008,65,f,7.0
ME,2008,65,m,1.0
MG,2008,0-14,f,251.0
MG,2008,0-14,m,142.0
MG,2008,0-4,f,19.0
MG,2008,0-4,m,21.0
MG,2008,15-24,f,1433.0
MG,2008,15-24,m,1499.0
MG,2008,25-34,f,1846.0
MG,2008,25-34,m,2294.0
MG,2008,35-44,f,1352.0
MG,2008,35-44,m,2113.0
MG,2008,45-54,f,911.0
MG,2008,45-54,m,1669.0
MG,2008,5-14,f,232.0
MG,2008,5-14,m,121.0
MG,2008,55-64,f,383.0
MG,2008,55-64,m,836.0
MG,2008,65,f,171.0
MG,2008,65,m,465.0
MH,2008,0-14,f,2.0
MH,2008,0-14,m,1.0
MH,2008,0-4,f,0.0
MH,2008,0-4,m,0.0
MH,2008,15-24,f,3.0
MH,2008,15-24,m,1.0
MH,2008,25-34,f,2.0
MH,2008,25-34,m,1.0
MH,2008,35-44,f,4.0
MH,2008,35-44,m,2.0
MH,2008,45-54,f,5.0
MH,2008,45-54,m,3.0
MH,2008,5-14,f,2.0
MH,2008,5-14,m,1.0
MH,2008,55-64,f,1.0
MH,2008,55-64,m,0.0
MH,2008,65,f,0.0
MH,2008,65,m,0.0
MK,2005,0-14,f,2.0
MK,2005,0-14,m,2.0
MK,2005,0-4,f,1.0
MK,2005,0-4,m,0.0
MK,2005,15-24,f,17.0
MK,2005,15-24,m,14.0
MK,2005,25-34,f,13.0
MK,2005,25-34,m,20.0
MK,2005,35-44,f,10.0
MK,2005,35-44,m,23.0
MK,2005,45-54,f,7.0
MK,2005,45-54,m,20.0
MK,2005,5-14,f,1.0
MK,2005,5-14,m,2.0
MK,2005,55-64,f,5.0
MK,2005,55-64,m,18.0
MK,2005,65,f,13.0
MK,2005,65,m,13.0
MK,2006,0-14,f,3.0
MK,2006,0-14,m,0.0
MK,2006,0-4,f,0.0
MK,2006,0-4,m,0.0
MK,2006,15-24,f,16.0
MK,2006,15-24,m,15.0
MK,2006,25-34,f,9.0
MK,2006,25-34,m,15.0
MK,2006,35-44,f,9.0
MK,2006,35-44,m,25.0
MK,2006,45-54,f,6.0
MK,2006,45-54,m,37.0
MK,2006,5-14,f,3.0
MK,2006,5-14,m,0.0
MK,2006,55-64,f,7.0
MK,2006,55-64,m,18.0
MK,2006,65,f,11.0
MK,2006,65,m,7.0
MK,2007,0-14,f,4.0
MK,2007,0-14,m,1.0
MK,2007,0-4,f,0.0
MK,2007,0-4,m,0.0
MK,2007,15-24,f,11.0
MK,2007,15-24,m,12.0
MK,2007,25-34,f,12.0
MK,2007,25-34,m,22.0
MK,2007,35-44,f,9.0
MK,2007,35-44,m,27.0
MK,2007,45-54,f,4.0
MK,2007,45-54,m,46.0
MK,2007,5-14,f,4.0
MK,2007,5-14,m,1.0
MK,2007,55-64,f,4.0
MK,2007,55-64,m,21.0
MK,2007,65,f,8.0
MK,2007,65,m,19.0
MK,2008,0-14,f,2.0
MK,2008,0-14,m,1.0
MK,2008,0-4,f,0.0
MK,2008,0-4,m,0.0
MK,2008,15-24,f,24.0
MK,2008,15-24,m,18.0
MK,2008,25-34,f,15.0
MK,2008,25-34,m,21.0
MK,2008,35-44,f,14.0
MK,2008,35-44,m,13.0
MK,2008,45-54,f,8.0
MK,2008,45-54,m,25.0
MK,2008,5-14,f,2.0
MK,2008,5-14,m,1.0
MK,2008,55-64,f,7.0
MK,2008,55-64,m,15.0
MK,2008,65,f,10.0
MK,2008,65,m,15.0
ML,2008,0-14,f,37.0
ML,2008,0-14,m,22.0
ML,2008,0-4,f,3.0
ML,2008,0-4,m,2.0
ML,2008,15-24,f,332.0
ML,2008,15-24,m,453.0
ML,2008,25-34,f,516.0
ML,2008,25-34,m,809.0
ML,2008,35-44,f,320.0
ML,2008,35-44,m,640.0
ML,2008,45-54,f,245.0
ML,2008,45-54,m,503.0
ML,2008,5-14,f,34.0
ML,2008,5-14,m,20.0
ML,2008,55-64,f,172.0
ML,2008,55-64,m,314.0
ML,2008,65,f,121.0
ML,2008,65,m,250.0
MO,2008,0-14,f,2.0
MO,2008,0-14,m,1.0
MO,2008,0-4,f,0.0
MO,2008,0-4,m,0.0
MO,2008,15-24,f,7.0
MO,2008,15-24,m,18.0
MO,2008,25-34,f,6.0
MO,2008,25-34,m,12.0
MO,2008,35-44,f,5.0
MO,2008,35-44,m,10.0
MO,2008,45-54,f,6.0
MO,2008,45-54,m,29.0
MO,2008,5-14,f,2.0
MO,2008,5-14,m,1.0
MO,2008,55-64,f,6.0
MO,2008,55-64,m,19.0
MO,2008,65,f,5.0
MO,2008,65,m,13.0
MP,2008,0-14,f,0.0
MP,2008,0-14,m,0.0
MP,2008,0-4,f,0.0
MP,2008,0-4,m,0.0
MP,2008,15-24,f,0.0
MP,2008,15-24,m,1.0
MP,2008,25-34,f,0.0
MP,2008,25-34,m,0.0
MP,2008,35-44,f,2.0
MP,2008,35-44,m,1.0
MP,2008,45-54,f,0.0
MP,2008,45-54,m,5.0
MP,2008,5-14,f,0.0
MP,2008,5-14,m,0.0
MP,2008,55-64,f,1.0
MP,2008,55-64,m,0.0
MP,2008,65,f,0.0
MP,2008,65,m,3.0
MT,2005,0-14,f,0.0
MT,2005,0-14,m,0.0
MT,2005,0-4,f,0.0
MT,2005,0-4,m,0.0
MT,2005,15-24,f,0.0
MT,2005,15-24,m,1.0
MT,2005,25-34,f,0.0
MT,2005,25-34,m,1.0
MT,2005,35-44,f,0.0
MT,2005,35-44,m,1.0
MT,2005,45-54,f,0.0
MT,2005,45-54,m,1.0
MT,2005,5-14,f,0.0
MT,2005,5-14,m,0.0
MT,2005,55-64,f,0.0
MT,2005,55-64,m,1.0
MT,2005,65,f,0.0
MT,2005,65,m,0.0
MT,2006,0-14,f,0.0
MT,2006,0-14,m,0.0
MT,2006,0-4,f,0.0
MT,2006,0-4,m,0.0
MT,2006,15-24,f,0.0
MT,2006,15-24,m,1.0
MT,2006,25-34,f,0.0
MT,2006,25-34,m,0.0
MT,2006,35-44,f,0.0
MT,2006,35-44,m,2.0
MT,2006,45-54,f,0.0
MT,2006,45-54,m,0.0
MT,2006,5-14,f,0.0
MT,2006,5-14,m,0.0
MT,2006,55-64,f,0.0
MT,2006,55-64,m,0.0
MT,2006,65,f,0.0
MT,2006,65,m,1.0
MT,2007,0-14,f,0.0
MT,2007,0-14,m,0.0
MT,2007,0-4,f,0.0
MT,2007,0-4,m,0.0
MT,2007,15-24,f,2.0
MT,2007,15-24,m,0.0
MT,2007,25-34,f,0.0
MT,2007,25-34,m,2.0
MT,2007,35-44,f,0.0
MT,2007,35-44,m,0.0
MT,2007,45-54,f,0.0
MT,2007,45-54,m,0.0
MT,2007,5-14,f,0.0
MT,2007,5-14,m,0.0
MT,2007,55-64,f,0.0
MT,2007,55-64,m,1.0
MT,2007,65,f,0.0
MT,2007,65,m,3.0
MT,2008,0-14,f,0.0
MT,2008,0-14,m,0.0
MT,2008,0-4,f,0.0
MT,2008,0-4,m,0.0
MT,2008,15-24,f,1.0
MT,2008,15-24,m,3.0
MT,2008,25-34,f,1.0
MT,2008,25-34,m,6.0
MT,2008,35-44,f,0.0
MT,2008,35-44,m,2.0
MT,2008,45-54,f,0.0
MT,2008,45-54,m,0.0
MT,2008,5-14,f,0.0
MT,2008,5-14,m,0.0
MT,2008,55-64,f,0.0
MT,2008,55-64,m,0.0
MT,2008,65,f,2.0
MT,2008,65,m,0.0
MU,2008,0-14,f,0.0
MU,2008,0-14,m,0.0
MU,2008,0-4,f,0.0
MU,2008,0-4,m,0.0
MU,2008,15-24,f,2.0
MU,2008,15-24,m,11.0
MU,2008,25-34,f,3.0
MU,2008,25-34,m,15.0
MU,2008,35-44,f,2.0
MU,2008,35-44,m,14.0
MU,2008,45-54,f,5.0
MU,2008,45-54,m,15.0
MU,2008,5-14,f,0.0
MU,2008,5-14,m,0.0
MU,2008,55-64,f,2.0
MU,2008,55-64,m,7.0
MU,2008,65,f,1.0
MU,2008,65,m,8.0
MX,2008,0-14,f,126.0
MX,2008,0-14,m,124.0
MX,2008,0-4,f,30.0
MX,2008,0-4,m,62.0
MX,2008,15-24,f,752.0
MX,2008,15-24,m,966.0
MX,2008,25-34,f,826.0
MX,2008,25-34,m,1292.0
MX,2008,35-44,f,710.0
MX,2008,35-44,m,1314.0
MX,2008,45-54,f,774.0
MX,2008,45-54,m,1267.0
MX,2008,5-14,f,96.0
MX,2008,5-14,m,62.0
MX,2008,55-64,f,699.0
MX,2008,55-64,m,1004.0
MX,2008,65,f,836.0
MX,2008,65,m,1213.0
MY,2008,0-14,f,240.0
MY,2008,0-14,m,221.0
MY,2008,0-4,f,66.0
MY,2008,0-4,m,61.0
MY,2008,15-24,f,1161.0
MY,2008,15-24,m,1436.0
MY,2008,25-34,f,1283.0
MY,2008,25-34,m,2445.0
MY,2008,35-44,f,906.0
MY,2008,35-44,m,2318.0
MY,2008,45-54,f,878.0
MY,2008,45-54,m,2169.0
MY,2008,5-14,f,174.0
MY,2008,5-14,m,160.0
MY,2008,55-64,f,648.0
MY,2008,55-64,m,1599.0
MY,2008,65,f,657.0
MY,2008,65,m,1543.0
NC,2008,0-14,f,0.0
NC,2008,0-14,m,0.0
NC,2008,0-4,f,0.0
NC,2008,0-4,m,0.0
NC,2008,15-24,f,0.0
NC,2008,15-24,m,1.0
NC,2008,25-34,f,1.0
NC,2008,25-34,m,1.0
NC,2008,35-44,f,0.0
NC,2008,35-44,m,0.0
NC,2008,45-54,f,0.0
NC,2008,45-54,m,2.0
NC,2008,5-14,f,0.0
NC,2008,5-14,m,0.0
NC,2008,55-64,f,0.0
NC,2008,55-64,m,1.0
NC,2008,65,f,1.0
NC,2008,65,m,2.0
NL,2005,0-14,f,3.0
NL,2005,0-14,m,0.0
NL,2005,0-4,f,0.0
NL,2005,0-4,m,0.0
NL,2005,15-24,f,14.0
NL,2005,15-24,m,23.0
NL,2005,25-34,f,19.0
NL,2005,25-34,m,42.0
NL,2005,35-44,f,11.0
NL,2005,35-44,m,23.0
NL,2005,45-54,f,9.0
NL,2005,45-54,m,26.0
NL,2005,5-14,f,3.0
NL,2005,5-14,m,0.0
NL,2005,55-64,f,1.0
NL,2005,55-64,m,14.0
NL,2005,65,f,4.0
NL,2005,65,m,19.0
NL,2006,0-14,f,3.0
NL,2006,0-14,m,0.0
NL,2006,0-4,f,0.0
NL,2006,0-4,m,0.0
NL,2006,15-24,f,15.0
NL,2006,15-24,m,25.0
NL,2006,25-34,f,17.0
NL,2006,25-34,m,23.0
NL,2006,35-44,f,12.0
NL,2006,35-44,m,31.0
NL,2006,45-54,f,5.0
NL,2006,45-54,m,23.0
NL,2006,5-14,f,3.0
NL,2006,5-14,m,0.0
NL,2006,55-64,f,3.0
NL,2006,55-64,m,17.0
NL,2006,65,f,10.0
NL,2006,65,m,19.0
NL,2007,0-14,f,1.0
NL,2007,0-14,m,1.0
NL,2007,0-4,f,0.0
NL,2007,0-4,m,1.0
NL,2007,15-24,f,12.0
NL,2007,15-24,m,10.0
NL,2007,25-34,f,22.0
NL,2007,25-34,m,22.0
NL,2007,35-44,f,17.0
NL,2007,35-44,m,28.0
NL,2007,45-54,f,6.0
NL,2007,45-54,m,21.0
NL,2007,5-14,f,1.0
NL,2007,5-14,m,0.0
NL,2007,55-64,f,5.0
NL,2007,55-64,m,15.0
NL,2007,65,f,12.0
NL,2007,65,m,15.0
NL,2008,0-14,f,2.0
NL,2008,0-14,m,0.0
NL,2008,0-4,f,0.0
NL,2008,0-4,m,0.0
NL,2008,15-24,f,13.0
NL,2008,15-24,m,16.0
NL,2008,25-34,f,19.0
NL,2008,25-34,m,24.0
NL,2008,35-44,f,14.0
NL,2008,35-44,m,26.0
NL,2008,45-54,f,6.0
NL,2008,45-54,m,19.0
NL,2008,5-14,f,2.0
NL,2008,5-14,m,0.0
NL,2008,55-64,f,6.0
NL,2008,55-64,m,18.0
NL,2008,65,f,7.0
NL,2008,65,m,19.0
NO,2005,0-14,f,0.0
NO,2005,0-14,m,0.0
NO,2005,0-4,f,0.0
NO,2005,0-4,m,0.0
NO,2005,15-24,f,4.0
NO,2005,15-24,m,9.0
NO,2005,25-34,f,7.0
NO,2005,25-34,m,4.0
NO,2005,35-44,f,2.0
NO,2005,35-44,m,6.0
NO,2005,45-54,f,1.0
NO,2005,45-54,m,4.0
NO,2005,5-14,f,0.0
NO,2005,5-14,m,0.0
NO,2005,55-64,f,0.0
NO,2005,55-64,m,4.0
NO,2005,65,f,3.0
NO,2005,65,m,3.0
NO,2006,0-14,f,1.0
NO,2006,0-14,m,0.0
NO,2006,0-4,f,0.0
NO,2006,0-4,m,0.0
NO,2006,15-24,f,5.0
NO,2006,15-24,m,5.0
NO,2006,25-34,f,5.0
NO,2006,25-34,m,10.0
NO,2006,35-44,f,2.0
NO,2006,35-44,m,5.0
NO,2006,45-54,f,2.0
NO,2006,45-54,m,3.0
NO,2006,5-14,f,1.0
NO,2006,5-14,m,0.0
NO,2006,55-64,f,1.0
NO,2006,55-64,m,3.0
NO,2006,65,f,3.0
NO,2006,65,m,1.0
NO,2008,0-14,f,0.0
NO,2008,0-14,m,1.0
NO,2008,0-4,f,0.0
NO,2008,0-4,m,0.0
NO,2008,15-24,f,1.0
NO,2008,15-24,m,10.0
NO,2008,25-34,f,6.0
NO,2008,25-34,m,8.0
NO,2008,35-44,f,4.0
NO,2008,35-44,m,7.0
NO,2008,45-54,f,0.0
NO,2008,45-54,m,2.0
NO,2008,5-14,f,0.0
NO,2008,5-14,m,1.0
NO,2008,55-64,f,1.0
NO,2008,55-64,m,4.0
NO,2008,65,f,6.0
NO,2008,65,m,3.0
NR,2008,0-14,f,0.0
NR,2008,0-14,m,0.0
NR,2008,0-4,f,0.0
NR,2008,0-4,m,0.0
NR,2008,15-24,f,0.0
NR,2008,15-24,m,1.0
NR,2008,25-34,f,0.0
NR,2008,25-34,m,0.0
NR,2008,35-44,f,0.0
NR,2008,35-44,m,0.0
NR,2008,45-54,f,0.0
NR,2008,45-54,m,1.0
NR,2008,5-14,f,0.0
NR,2008,5-14,m,0.0
NR,2008,55-64,f,0.0
NR,2008,55-64,m,0.0
NR,2008,65,f,0.0
NR,2008,65,m,0.0
NZ,2008,0-14,f,1.0
NZ,2008,0-14,m,0.0
NZ,2008,0-4,f,1.0
NZ,2008,0-4,m,0.0
NZ,2008,15-24,f,8.0
NZ,2008,15-24,m,9.0
NZ,2008,25-34,f,13.0
NZ,2008,25-34,m,4.0
NZ,2008,35-44,f,9.0
NZ,2008,35-44,m,9.0
NZ,2008,45-54,f,3.0
NZ,2008,45-54,m,5.0
NZ,2008,5-14,f,0.0
NZ,2008,5-14,m,0.0
NZ,2008,55-64,f,3.0
NZ,2008,55-64,m,10.0
NZ,2008,65,f,9.0
NZ,2008,65,m,18.0
OM,2008,0-14,f,1.0
OM,2008,0-14,m,0.0
OM,2008,0-4,f,0.0
OM,2008,0-4,m,0.0
OM,2008,15-24,f,20.0
OM,2008,15-24,m,18.0
OM,2008,25-34,f,10.0
OM,2008,25-34,m,28.0
OM,2008,35-44,f,4.0
OM,2008,35-44,m,28.0
OM,2008,45-54,f,4.0
OM,2008,45-54,m,28.0
OM,2008,5-14,f,1.0
OM,2008,5-14,m,0.0
OM,2008,55-64,f,5.0
OM,2008,55-64,m,14.0
OM,2008,65,f,1.0
OM,2008,65,m,10.0
PE,2008,0-14,f,52.0
PE,2008,0-14,m,84.0
PE,2008,0-4,f,5.0
PE,2008,0-4,m,10.0
PE,2008,15-24,f,2644.0
PE,2008,15-24,m,3406.0
PE,2008,25-34,f,1599.0
PE,2008,25-34,m,2233.0
PE,2008,35-44,f,1112.0
PE,2008,35-44,m,1564.0
PE,2008,45-54,f,791.0
PE,2008,45-54,m,1121.0
PE,2008,5-14,f,47.0
PE,2008,5-14,m,74.0
PE,2008,55-64,f,373.0
PE,2008,55-64,m,608.0
PE,2008,65,f,899.0
PE,2008,65,m,921.0
PF,2008,0-14,f,0.0
PF,2008,0-14,m,1.0
PF,2008,0-4,f,0.0
PF,2008,0-4,m,0.0
PF,2008,15-24,f,1.0
PF,2008,15-24,m,3.0
PF,2008,25-34,f,1.0
PF,2008,25-34,m,1.0
PF,2008,35-44,f,1.0
PF,2008,35-44,m,1.0
PF,2008,45-54,f,0.0
PF,2008,45-54,m,1.0
PF,2008,5-14,f,0.0
PF,2008,5-14,m,1.0
PF,2008,55-64,f,1.0
PF,2008,55-64,m,2.0
PF,2008,65,f,2.0
PF,2008,65,m,2.0
PL,2005,0-14,f,3.0
PL,2005,0-14,m,3.0
PL,2005,0-4,f,0.0
PL,2005,0-4,m,2.0
PL,2005,15-24,f,95.0
PL,2005,15-24,m,109.0
PL,2005,25-34,f,142.0
PL,2005,25-34,m,199.0
PL,2005,35-44,f,112.0
PL,2005,35-44,m,389.0
PL,2005,45-54,f,151.0
PL,2005,45-54,m,639.0
PL,2005,5-14,f,3.0
PL,2005,5-14,m,1.0
PL,2005,55-64,f,63.0
PL,2005,55-64,m,292.0
PL,2005,65,f,316.0
PL,2005,65,m,310.0
PL,2006,0-14,f,1.0
PL,2006,0-14,m,1.0
PL,2006,0-4,f,0.0
PL,2006,0-4,m,1.0
PL,2006,15-24,f,83.0
PL,2006,15-24,m,92.0
PL,2006,25-34,f,142.0
PL,2006,25-34,m,215.0
PL,2006,35-44,f,112.0
PL,2006,35-44,m,390.0
PL,2006,45-54,f,118.0
PL,2006,45-54,m,649.0
PL,2006,5-14,f,1.0
PL,2006,5-14,m,0.0
PL,2006,55-64,f,72.0
PL,2006,55-64,m,357.0
PL,2006,65,f,318.0
PL,2006,65,m,285.0
PL,2007,0-14,f,4.0
PL,2007,0-14,m,2.0
PL,2007,0-4,f,0.0
PL,2007,0-4,m,0.0
PL,2007,15-24,f,65.0
PL,2007,15-24,m,85.0
PL,2007,25-34,f,149.0
PL,2007,25-34,m,213.0
PL,2007,35-44,f,120.0
PL,2007,35-44,m,395.0
PL,2007,45-54,f,132.0
PL,2007,45-54,m,677.0
PL,2007,5-14,f,4.0
PL,2007,5-14,m,2.0
PL,2007,55-64,f,79.0
PL,2007,55-64,m,344.0
PL,2007,65,f,277.0
PL,2007,65,m,285.0
PL,2008,0-14,f,3.0
PL,2008,0-14,m,6.0
PL,2008,0-4,f,0.0
PL,2008,0-4,m,3.0
PL,2008,15-24,f,65.0
PL,2008,15-24,m,66.0
PL,2008,25-34,f,106.0
PL,2008,25-34,m,175.0
PL,2008,35-44,f,112.0
PL,2008,35-44,m,397.0
PL,2008,45-54,f,132.0
PL,2008,45-54,m,653.0
PL,2008,5-14,f,3.0
PL,2008,5-14,m,3.0
PL,2008,55-64,f,77.0
PL,2008,55-64,m,355.0
PL,2008,65,f,264.0
PL,2008,65,m,239.0
PR,2008,0-14,f,0.0
PR,2008,0-14,m,0.0
PR,2008,0-4,f,0.0
PR,2008,0-4,m,0.0
PR,2008,15-24,f,1.0
PR,2008,15-24,m,2.0
PR,2008,25-34,f,4.0
PR,2008,25-34,m,4.0
PR,2008,35-44,f,3.0
PR,2008,35-44,m,3.0
PR,2008,45-54,f,2.0
PR,2008,45-54,m,13.0
PR,2008,5-14,f,0.0
PR,2008,5-14,m,0.0
PR,2008,55-64,f,3.0
PR,2008,55-64,m,11.0
PR,2008,65,f,0.0
PR,2008,65,m,6.0
PS,2008,0-14,f,0.0
PS,2008,0-14,m,0.0
PS,2008,0-4,f,0.0
PS,2008,0-4,m,0.0
PS,2008,15-24,f,2.0
PS,2008,15-24,m,1.0
PS,2008,25-34,f,0.0
PS,2008,25-34,m,1.0
PS,2008,35-44,f,0.0
PS,2008,35-44,m,3.0
PS,2008,45-54,f,1.0
PS,2008,45-54,m,2.0
PS,2008,5-14,f,0.0
PS,2008,5-14,m,0.0
PS,2008,55-64,f,2.0
PS,2008,55-64,m,2.0
PS,2008,65,f,0.0
PS,2008,65,m,2.0
PT,2005,0-14,f,7.0
PT,2005,0-14,m,5.0
PT,2005,0-4,f,3.0
PT,2005,0-4,m,3.0
PT,2005,15-24,f,67.0
PT,2005,15-24,m,85.0
PT,2005,25-34,f,109.0
PT,2005,25-34,m,227.0
PT,2005,35-44,f,66.0
PT,2005,35-44,m,284.0
PT,2005,45-54,f,29.0
PT,2005,45-54,m,181.0
PT,2005,5-14,f,4.0
PT,2005,5-14,m,2.0
PT,2005,55-64,f,11.0
PT,2005,55-64,m,90.0
PT,2005,65,f,42.0
PT,2005,65,m,93.0
PT,2006,0-14,f,4.0
PT,2006,0-14,m,7.0
PT,2006,0-4,f,1.0
PT,2006,0-4,m,4.0
PT,2006,15-24,f,56.0
PT,2006,15-24,m,80.0
PT,2006,25-34,f,107.0
PT,2006,25-34,m,211.0
PT,2006,35-44,f,85.0
PT,2006,35-44,m,259.0
PT,2006,45-54,f,33.0
PT,2006,45-54,m,190.0
PT,2006,5-14,f,3.0
PT,2006,5-14,m,3.0
PT,2006,55-64,f,22.0
PT,2006,55-64,m,94.0
PT,2006,65,f,41.0
PT,2006,65,m,108.0
PT,2007,0-14,f,2.0
PT,2007,0-14,m,4.0
PT,2007,0-4,f,0.0
PT,2007,0-4,m,1.0
PT,2007,15-24,f,49.0
PT,2007,15-24,m,69.0
PT,2007,25-34,f,95.0
PT,2007,25-34,m,178.0
PT,2007,35-44,f,61.0
PT,2007,35-44,m,268.0
PT,2007,45-54,f,27.0
PT,2007,45-54,m,188.0
PT,2007,5-14,f,2.0
PT,2007,5-14,m,3.0
PT,2007,55-64,f,12.0
PT,2007,55-64,m,82.0
PT,2007,65,f,26.0
PT,2007,65,m,112.0
PT,2008,0-14,f,3.0
PT,2008,0-14,m,2.0
PT,2008,0-4,f,0.0
PT,2008,0-4,m,1.0
PT,2008,15-24,f,54.0
PT,2008,15-24,m,51.0
PT,2008,25-34,f,86.0
PT,2008,25-34,m,155.0
PT,2008,35-44,f,55.0
PT,2008,35-44,m,212.0
PT,2008,45-54,f,38.0
PT,2008,45-54,m,179.0
PT,2008,5-14,f,3.0
PT,2008,5-14,m,1.0
PT,2008,55-64,f,15.0
PT,2008,55-64,m,80.0
PT,2008,65,f,39.0
PT,2008,65,m,84.0
PY,2008,0-14,f,10.0
PY,2008,0-14,m,11.0
PY,2008,0-4,f,1.0
PY,2008,0-4,m,3.0
PY,2008,15-24,f,92.0
PY,2008,15-24,m,238.0
PY,2008,25-34,f,87.0
PY,2008,25-34,m,227.0
PY,2008,35-44,f,60.0
PY,2008,35-44,m,138.0
PY,2008,45-54,f,61.0
PY,2008,45-54,m,138.0
PY,2008,5-14,f,9.0
PY,2008,5-14,m,8.0
PY,2008,55-64,f,42.0
PY,2008,55-64,m,91.0
PY,2008,65,f,56.0
PY,2008,65,m,90.0
QA,2008,0-14,f,0.0
QA,2008,0-14,m,1.0
QA,2008,0-4,f,0.0
QA,2008,0-4,m,0.0
QA,2008,15-24,f,4.0
QA,2008,15-24,m,47.0
QA,2008,25-34,f,14.0
QA,2008,25-34,m,67.0
QA,2008,35-44,f,6.0
QA,2008,35-44,m,26.0
QA,2008,45-54,f,2.0
QA,2008,45-54,m,18.0
QA,2008,5-14,f,0.0
QA,2008,5-14,m,1.0
QA,2008,55-64,f,0.0
QA,2008,55-64,m,10.0
QA,2008,65,f,2.0
QA,2008,65,m,2.0
RO,2005,0-14,f,55.0
RO,2005,0-14,m,36.0
RO,2005,0-4,f,8.0
RO,2005,0-4,m,10.0
RO,2005,15-24,f,758.0
RO,2005,15-24,m,752.0
RO,2005,25-34,f,780.0
RO,2005,25-34,m,1511.0
RO,2005,35-44,f,493.0
RO,2005,35-44,m,1786.0
RO,2005,45-54,f,374.0
RO,2005,45-54,m,1999.0
RO,2005,5-14,f,47.0
RO,2005,5-14,m,26.0
RO,2005,55-64,f,219.0
RO,2005,55-64,m,952.0
RO,2005,65,f,442.0
RO,2005,65,m,638.0
RO,2006,0-14,f,37.0
RO,2006,0-14,m,30.0
RO,2006,0-4,f,12.0
RO,2006,0-4,m,9.0
RO,2006,15-24,f,669.0
RO,2006,15-24,m,748.0
RO,2006,25-34,f,763.0
RO,2006,25-34,m,1306.0
RO,2006,35-44,f,448.0
RO,2006,35-44,m,1624.0
RO,2006,45-54,f,334.0
RO,2006,45-54,m,1738.0
RO,2006,5-14,f,25.0
RO,2006,5-14,m,21.0
RO,2006,55-64,f,224.0
RO,2006,55-64,m,847.0
RO,2006,65,f,465.0
RO,2006,65,m,580.0
RO,2008,0-14,f,37.0
RO,2008,0-14,m,22.0
RO,2008,0-4,f,5.0
RO,2008,0-4,m,8.0
RO,2008,15-24,f,557.0
RO,2008,15-24,m,671.0
RO,2008,25-34,f,567.0
RO,2008,25-34,m,1124.0
RO,2008,35-44,f,518.0
RO,2008,35-44,m,1656.0
RO,2008,45-54,f,320.0
RO,2008,45-54,m,1713.0
RO,2008,5-14,f,32.0
RO,2008,5-14,m,14.0
RO,2008,55-64,f,225.0
RO,2008,55-64,m,977.0
RO,2008,65,f,499.0
RO,2008,65,m,625.0
RS,2005,0-14,f,6.0
RS,2005,0-14,m,3.0
RS,2005,0-4,f,0.0
RS,2005,0-4,m,0.0
RS,2005,15-24,f,69.0
RS,2005,15-24,m,62.0
RS,2005,25-34,f,76.0
RS,2005,25-34,m,96.0
RS,2005,35-44,f,55.0
RS,2005,35-44,m,118.0
RS,2005,45-54,f,49.0
RS,2005,45-54,m,156.0
RS,2005,5-14,f,6.0
RS,2005,5-14,m,3.0
RS,2005,55-64,f,22.0
RS,2005,55-64,m,112.0
RS,2005,65,f,149.0
RS,2005,65,m,132.0
RS,2006,0-14,f,7.0
RS,2006,0-14,m,6.0
RS,2006,0-4,f,0.0
RS,2006,0-4,m,2.0
RS,2006,15-24,f,78.0
RS,2006,15-24,m,87.0
RS,2006,25-34,f,74.0
RS,2006,25-34,m,91.0
RS,2006,35-44,f,43.0
RS,2006,35-44,m,107.0
RS,2006,45-54,f,44.0
RS,2006,45-54,m,167.0
RS,2006,5-14,f,7.0
RS,2006,5-14,m,4.0
RS,2006,55-64,f,44.0
RS,2006,55-64,m,83.0
RS,2006,65,f,152.0
RS,2006,65,m,144.0
RS,2007,0-14,f,2.0
RS,2007,0-14,m,0.0
RS,2007,0-4,f,0.0
RS,2007,0-4,m,0.0
RS,2007,15-24,f,38.0
RS,2007,15-24,m,42.0
RS,2007,25-34,f,52.0
RS,2007,25-34,m,59.0
RS,2007,35-44,f,43.0
RS,2007,35-44,m,102.0
RS,2007,45-54,f,43.0
RS,2007,45-54,m,163.0
RS,2007,5-14,f,2.0
RS,2007,5-14,m,0.0
RS,2007,55-64,f,26.0
RS,2007,55-64,m,94.0
RS,2007,65,f,135.0
RS,2007,65,m,106.0
RS,2008,0-14,f,3.0
RS,2008,0-14,m,1.0
RS,2008,0-4,f,0.0
RS,2008,0-4,m,0.0
RS,2008,15-24,f,42.0
RS,2008,15-24,m,37.0
RS,2008,25-34,f,46.0
RS,2008,25-34,m,51.0
RS,2008,35-44,f,33.0
RS,2008,35-44,m,86.0
RS,2008,45-54,f,39.0
RS,2008,45-54,m,131.0
RS,2008,5-14,f,3.0
RS,2008,5-14,m,1.0
RS,2008,55-64,f,26.0
RS,2008,55-64,m,112.0
RS,2008,65,f,138.0
RS,2008,65,m,107.0
RU,2008,0-14,f,33.0
RU,2008,0-14,m,12.0
RU,2008,0-4,f,0.0
RU,2008,0-4,m,1.0
RU,2008,15-24,f,1467.0
RU,2008,15-24,m,2495.0
RU,2008,25-34,f,2569.0
RU,2008,25-34,m,6475.0
RU,2008,35-44,f,1707.0
RU,2008,35-44,m,6005.0
RU,2008,45-54,f,1530.0
RU,2008,45-54,m,6300.0
RU,2008,5-14,f,33.0
RU,2008,5-14,m,11.0
RU,2008,55-64,f,687.0
RU,2008,55-64,m,2687.0
RU,2008,65,f,835.0
RU,2008,65,m,1147.0
SB,2008,0-14,f,4.0
SB,2008,0-14,m,3.0
SB,2008,0-4,f,0.0
SB,2008,0-4,m,0.0
SB,2008,15-24,f,13.0
SB,2008,15-24,m,17.0
SB,2008,25-34,f,23.0
SB,2008,25-34,m,12.0
SB,2008,35-44,f,11.0
SB,2008,35-44,m,11.0
SB,2008,45-54,f,13.0
SB,2008,45-54,m,10.0
SB,2008,5-14,f,4.0
SB,2008,5-14,m,3.0
SB,2008,55-64,f,3.0
SB,2008,55-64,m,11.0
SB,2008,65,f,2.0
SB,2008,65,m,7.0
SC,2008,0-14,f,0.0
SC,2008,0-14,m,0.0
SC,2008,0-4,f,0.0
SC,2008,0-4,m,0.0
SC,2008,15-24,f,0.0
SC,2008,15-24,m,0.0
SC,2008,25-34,f,0.0
SC,2008,25-34,m,1.0
SC,2008,35-44,f,0.0
SC,2008,35-44,m,0.0
SC,2008,45-54,f,0.0
SC,2008,45-54,m,1.0
SC,2008,5-14,f,0.0
SC,2008,5-14,m,0.0
SC,2008,55-64,f,0.0
SC,2008,55-64,m,0.0
SC,2008,65,f,0.0
SC,2008,65,m,2.0
SD,2008,0-14,f,321.0
SD,2008,0-14,m,317.0
SD,2008,0-4,f,41.0
SD,2008,0-4,m,40.0
SD,2008,15-24,f,850.0
SD,2008,15-24,m,1241.0
SD,2008,25-34,f,962.0
SD,2008,25-34,m,1740.0
SD,2008,35-44,f,841.0
SD,2008,35-44,m,1301.0
SD,2008,45-54,f,601.0
SD,2008,45-54,m,903.0
SD,2008,5-14,f,280.0
SD,2008,5-14,m,277.0
SD,2008,55-64,f,344.0
SD,2008,55-64,m,610.0
SD,2008,65,f,235.0
SD,2008,65,m,534.0
SE,2005,0-14,f,1.0
SE,2005,0-14,m,0.0
SE,2005,0-4,f,0.0
SE,2005,0-4,m,0.0
SE,2005,15-24,f,10.0
SE,2005,15-24,m,7.0
SE,2005,25-34,f,15.0
SE,2005,25-34,m,21.0
SE,2005,35-44,f,12.0
SE,2005,35-44,m,16.0
SE,2005,45-54,f,5.0
SE,2005,45-54,m,10.0
SE,2005,5-14,f,1.0
SE,2005,5-14,m,0.0
SE,2005,55-64,f,3.0
SE,2005,55-64,m,5.0
SE,2005,65,f,13.0
SE,2005,65,m,16.0
SE,2006,0-14,f,1.0
SE,2006,0-14,m,0.0
SE,2006,0-4,f,0.0
SE,2006,0-4,m,0.0
SE,2006,15-24,f,12.0
SE,2006,15-24,m,4.0
SE,2006,25-34,f,14.0
SE,2006,25-34,m,15.0
SE,2006,35-44,f,9.0
SE,2006,35-44,m,14.0
SE,2006,45-54,f,1.0
SE,2006,45-54,m,5.0
SE,2006,5-14,f,1.0
SE,2006,5-14,m,0.0
SE,2006,55-64,f,2.0
SE,2006,55-64,m,3.0
SE,2006,65,f,10.0
SE,2006,65,m,16.0
SE,2007,0-14,f,1.0
SE,2007,0-14,m,0.0
SE,2007,0-4,f,0.0
SE,2007,0-4,m,0.0
SE,2007,15-24,f,5.0
SE,2007,15-24,m,7.0
SE,2007,25-34,f,11.0
SE,2007,25-34,m,20.0
SE,2007,35-44,f,8.0
SE,2007,35-44,m,10.0
SE,2007,45-54,f,4.0
SE,2007,45-54,m,5.0
SE,2007,5-14,f,1.0
SE,2007,5-14,m,0.0
SE,2007,55-64,f,1.0
SE,2007,55-64,m,3.0
SE,2007,65,f,12.0
SE,2007,65,m,9.0
SE,2008,0-14,f,0.0
SE,2008,0-14,m,0.0
SE,2008,0-4,f,0.0
SE,2008,0-4,m,0.0
SE,2008,15-24,f,12.0
SE,2008,15-24,m,14.0
SE,2008,25-34,f,13.0
SE,2008,25-34,m,15.0
SE,2008,35-44,f,5.0
SE,2008,35-44,m,9.0
SE,2008,45-54,f,4.0
SE,2008,45-54,m,5.0
SE,2008,5-14,f,0.0
SE,2008,5-14,m,0.0
SE,2008,55-64,f,1.0
SE,2008,55-64,m,7.0
SE,2008,65,f,6.0
SE,2008,65,m,6.0
SG,2008,0-14,f,0.0
SG,2008,0-14,m,0.0
SG,2008,0-4,f,0.0
SG,2008,0-4,m,0.0
SG,2008,15-24,f,9.0
SG,2008,15-24,m,10.0
SG,2008,25-34,f,16.0
SG,2008,25-34,m,21.0
SG,2008,35-44,f,20.0
SG,2008,35-44,m,46.0
SG,2008,45-54,f,26.0
SG,2008,45-54,m,106.0
SG,2008,5-14,f,0.0
SG,2008,5-14,m,0.0
SG,2008,55-64,f,17.0
SG,2008,55-64,m,94.0
SG,2008,65,f,33.0
SG,2008,65,m,127.0
SI,2005,0-14,f,0.0
SI,2005,0-14,m,0.0
SI,2005,0-4,f,0.0
SI,2005,0-4,m,0.0
SI,2005,15-24,f,4.0
SI,2005,15-24,m,4.0
SI,2005,25-34,f,4.0
SI,2005,25-34,m,10.0
SI,2005,35-44,f,6.0
SI,2005,35-44,m,16.0
SI,2005,45-54,f,5.0
SI,2005,45-54,m,15.0
SI,2005,5-14,f,0.0
SI,2005,5-14,m,0.0
SI,2005,55-64,f,4.0
SI,2005,55-64,m,11.0
SI,2005,65,f,16.0
SI,2005,65,m,14.0
SI,2006,0-14,f,0.0
SI,2006,0-14,m,0.0
SI,2006,0-4,f,0.0
SI,2006,0-4,m,0.0
SI,2006,15-24,f,5.0
SI,2006,15-24,m,3.0
SI,2006,25-34,f,7.0
SI,2006,25-34,m,5.0
SI,2006,35-44,f,4.0
SI,2006,35-44,m,9.0
SI,2006,45-54,f,2.0
SI,2006,45-54,m,12.0
SI,2006,5-14,f,0.0
SI,2006,5-14,m,0.0
SI,2006,55-64,f,4.0
SI,2006,55-64,m,7.0
SI,2006,65,f,19.0
SI,2006,65,m,6.0
SI,2007,0-14,f,0.0
SI,2007,0-14,m,0.0
SI,2007,0-4,f,0.0
SI,2007,0-4,m,0.0
SI,2007,15-24,f,1.0
SI,2007,15-24,m,0.0
SI,2007,25-34,f,5.0
SI,2007,25-34,m,7.0
SI,2007,35-44,f,6.0
SI,2007,35-44,m,15.0
SI,2007,45-54,f,2.0
SI,2007,45-54,m,14.0
SI,2007,5-14,f,0.0
SI,2007,5-14,m,0.0
SI,2007,55-64,f,3.0
SI,2007,55-64,m,12.0
SI,2007,65,f,16.0
SI,2007,65,m,9.0
SI,2008,0-14,f,0.0
SI,2008,0-14,m,0.0
SI,2008,0-4,f,0.0
SI,2008,0-4,m,0.0
SI,2008,15-24,f,2.0
SI,2008,15-24,m,3.0
SI,2008,25-34,f,7.0
SI,2008,25-34,m,12.0
SI,2008,35-44,f,2.0
SI,2008,35-44,m,9.0
SI,2008,45-54,f,5.0
SI,2008,45-54,m,17.0
SI,2008,5-14,f,0.0
SI,2008,5-14,m,0.0
SI,2008,55-64,f,2.0
SI,2008,55-64,m,12.0
SI,2008,65,f,7.0
SI,2008,65,m,3.0
SK,2005,0-14,f,0.0
SK,2005,0-14,m,0.0
SK,2005,0-4,f,0.0
SK,2005,0-4,m,0.0
SK,2005,15-24,f,1.0
SK,2005,15-24,m,3.0
SK,2005,25-34,f,8.0
SK,2005,25-34,m,13.0
SK,2005,35-44,f,9.0
SK,2005,35-44,m,16.0
SK,2005,45-54,f,5.0
SK,2005,45-54,m,25.0
SK,2005,5-14,f,0.0
SK,2005,5-14,m,0.0
SK,2005,55-64,f,6.0
SK,2005,55-64,m,25.0
SK,2005,65,f,27.0
SK,2005,65,m,20.0
SK,2006,0-14,f,0.0
SK,2006,0-14,m,4.0
SK,2006,0-4,f,0.0
SK,2006,0-4,m,1.0
SK,2006,15-24,f,6.0
SK,2006,15-24,m,8.0
SK,2006,25-34,f,6.0
SK,2006,25-34,m,11.0
SK,2006,35-44,f,7.0
SK,2006,35-44,m,18.0
SK,2006,45-54,f,4.0
SK,2006,45-54,m,27.0
SK,2006,5-14,f,0.0
SK,2006,5-14,m,3.0
SK,2006,55-64,f,3.0
SK,2006,55-64,m,29.0
SK,2006,65,f,20.0
SK,2006,65,m,17.0
SK,2007,0-14,f,1.0
SK,2007,0-14,m,0.0
SK,2007,0-4,f,0.0
SK,2007,0-4,m,0.0
SK,2007,15-24,f,5.0
SK,2007,15-24,m,8.0
SK,2007,25-34,f,3.0
SK,2007,25-34,m,10.0
SK,2007,35-44,f,5.0
SK,2007,35-44,m,18.0
SK,2007,45-54,f,6.0
SK,2007,45-54,m,51.0
SK,2007,5-14,f,1.0
SK,2007,5-14,m,0.0
SK,2007,55-64,f,3.0
SK,2007,55-64,m,15.0
SK,2007,65,f,28.0
SK,2007,65,m,23.0
SK,2008,0-14,f,1.0
SK,2008,0-14,m,0.0
SK,2008,0-4,f,1.0
SK,2008,0-4,m,0.0
SK,2008,15-24,f,2.0
SK,2008,15-24,m,2.0
SK,2008,25-34,f,4.0
SK,2008,25-34,m,7.0
SK,2008,35-44,f,4.0
SK,2008,35-44,m,16.0
SK,2008,45-54,f,5.0
SK,2008,45-54,m,46.0
SK,2008,5-14,f,0.0
SK,2008,5-14,m,0.0
SK,2008,55-64,f,1.0
SK,2008,55-64,m,10.0
SK,2008,65,f,17.0
SK,2008,65,m,11.0
SN,2008,0-14,f,79.0
SN,2008,0-14,m,67.0
SN,2008,0-4,f,1.0
SN,2008,0-4,m,2.0
SN,2008,15-24,f,816.0
SN,2008,15-24,m,1274.0
SN,2008,25-34,f,659.0
SN,2008,25-34,m,1767.0
SN,2008,35-44,f,368.0
SN,2008,35-44,m,907.0
SN,2008,45-54,f,230.0
SN,2008,45-54,m,593.0
SN,2008,5-14,f,78.0
SN,2008,5-14,m,65.0
SN,2008,55-64,f,148.0
SN,2008,55-64,m,351.0
SN,2008,65,f,97.0
SN,2008,65,m,228.0
SV,2008,0-14,f,8.0
SV,2008,0-14,m,8.0
SV,2008,0-4,f,0.0
SV,2008,0-4,m,0.0
SV,2008,15-24,f,73.0
SV,2008,15-24,m,107.0
SV,2008,25-34,f,71.0
SV,2008,25-34,m,168.0
SV,2008,35-44,f,55.0
SV,2008,35-44,m,112.0
SV,2008,45-54,f,42.0
SV,2008,45-54,m,67.0
SV,2008,5-14,f,8.0
SV,2008,5-14,m,8.0
SV,2008,55-64,f,40.0
SV,2008,55-64,m,79.0
SV,2008,65,f,66.0
SV,2008,65,m,89.0
SZ,2008,0-14,f,39.0
SZ,2008,0-14,m,29.0
SZ,2008,0-4,f,2.0
SZ,2008,0-4,m,1.0
SZ,2008,15-24,f,427.0
SZ,2008,15-24,m,231.0
SZ,2008,25-34,f,663.0
SZ,2008,25-34,m,552.0
SZ,2008,35-44,f,309.0
SZ,2008,35-44,m,357.0
SZ,2008,45-54,f,114.0
SZ,2008,45-54,m,193.0
SZ,2008,5-14,f,37.0
SZ,2008,5-14,m,28.0
SZ,2008,55-64,f,57.0
SZ,2008,55-64,m,80.0
SZ,2008,65,f,19.0
SZ,2008,65,m,35.0
TJ,2005,0-14,f,26.0
TJ,2005,0-14,m,8.0
TJ,2005,0-4,f,0.0
TJ,2005,0-4,m,0.0
TJ,2005,15-24,f,225.0
TJ,2005,15-24,m,308.0
TJ,2005,25-34,f,185.0
TJ,2005,25-34,m,279.0
TJ,2005,35-44,f,151.0
TJ,2005,35-44,m,164.0
TJ,2005,45-54,f,89.0
TJ,2005,45-54,m,104.0
TJ,2005,5-14,f,26.0
TJ,2005,5-14,m,8.0
TJ,2005,55-64,f,43.0
TJ,2005,55-64,m,54.0
TJ,2005,65,f,53.0
TJ,2005,65,m,48.0
TJ,2008,0-14,f,25.0
TJ,2008,0-14,m,7.0
TJ,2008,0-4,f,0.0
TJ,2008,0-4,m,0.0
TJ,2008,15-24,f,290.0
TJ,2008,15-24,m,437.0
TJ,2008,25-34,f,211.0
TJ,2008,25-34,m,358.0
TJ,2008,35-44,f,121.0
TJ,2008,35-44,m,165.0
TJ,2008,45-54,f,101.0
TJ,2008,45-54,m,113.0
TJ,2008,5-14,f,25.0
TJ,2008,5-14,m,7.0
TJ,2008,55-64,f,40.0
TJ,2008,55-64,m,52.0
TJ,2008,65,f,73.0
TJ,2008,65,m,64.0
TM,2005,0-14,f,3.0
TM,2005,0-14,m,2.0
TM,2005,0-4,f,1.0
TM,2005,0-4,m,0.0
TM,2005,15-24,f,100.0
TM,2005,15-24,m,148.0
TM,2005,25-34,f,101.0
TM,2005,25-34,m,181.0
TM,2005,35-44,f,72.0
TM,2005,35-44,m,146.0
TM,2005,45-54,f,46.0
TM,2005,45-54,m,97.0
TM,2005,5-14,f,2.0
TM,2005,5-14,m,2.0
TM,2005,55-64,f,27.0
TM,2005,55-64,m,51.0
TM,2005,65,f,8.0
TM,2005,65,m,13.0
TM,2007,0-14,f,6.0
TM,2007,0-14,m,2.0
TM,2007,0-4,f,0.0
TM,2007,0-4,m,0.0
TM,2007,15-24,f,129.0
TM,2007,15-24,m,176.0
TM,2007,25-34,f,132.0
TM,2007,25-34,m,272.0
TM,2007,35-44,f,81.0
TM,2007,35-44,m,224.0
TM,2007,45-54,f,69.0
TM,2007,45-54,m,137.0
TM,2007,5-14,f,6.0
TM,2007,5-14,m,2.0
TM,2007,55-64,f,36.0
TM,2007,55-64,m,56.0
TM,2007,65,f,35.0
TM,2007,65,m,23.0
TO,2008,0-14,f,0.0
TO,2008,0-14,m,0.0
TO,2008,0-4,f,0.0
TO,2008,0-4,m,0.0
TO,2008,15-24,f,0.0
TO,2008,15-24,m,2.0
TO,2008,25-34,f,0.0
TO,2008,25-34,m,0.0
TO,2008,35-44,f,0.0
TO,2008,35-44,m,2.0
TO,2008,45-54,f,1.0
TO,2008,45-54,m,2.0
TO,2008,5-14,f,0.0
TO,2008,5-14,m,0.0
TO,2008,55-64,f,2.0
TO,2008,55-64,m,1.0
TO,2008,65,f,0.0
TO,2008,65,m,1.0
TR,2005,0-14,f,50.0
TR,2005,0-14,m,33.0
TR,2005,0-4,f,2.0
TR,2005,0-4,m,1.0
TR,2005,15-24,f,699.0
TR,2005,15-24,m,1148.0
TR,2005,25-34,f,474.0
TR,2005,25-34,m,1295.0
TR,2005,35-44,f,243.0
TR,2005,35-44,m,1028.0
TR,2005,45-54,f,175.0
TR,2005,45-54,m,963.0
TR,2005,5-14,f,48.0
TR,2005,5-14,m,32.0
TR,2005,55-64,f,166.0
TR,2005,55-64,m,534.0
TR,2005,65,f,213.0
TR,2005,65,m,429.0
TR,2006,0-14,f,56.0
TR,2006,0-14,m,40.0
TR,2006,0-4,f,4.0
TR,2006,0-4,m,2.0
TR,2006,15-24,f,769.0
TR,2006,15-24,m,1212.0
TR,2006,25-34,f,507.0
TR,2006,25-34,m,1391.0
TR,2006,35-44,f,235.0
TR,2006,35-44,m,1003.0
TR,2006,45-54,f,155.0
TR,2006,45-54,m,1045.0
TR,2006,5-14,f,52.0
TR,2006,5-14,m,38.0
TR,2006,55-64,f,149.0
TR,2006,55-64,m,575.0
TR,2006,65,f,256.0
TR,2006,65,m,473.0
TR,2007,0-14,f,63.0
TR,2007,0-14,m,50.0
TR,2007,0-4,f,2.0
TR,2007,0-4,m,13.0
TR,2007,15-24,f,708.0
TR,2007,15-24,m,1091.0
TR,2007,25-34,f,531.0
TR,2007,25-34,m,1245.0
TR,2007,35-44,f,246.0
TR,2007,35-44,m,984.0
TR,2007,45-54,f,165.0
TR,2007,45-54,m,978.0
TR,2007,5-14,f,61.0
TR,2007,5-14,m,37.0
TR,2007,55-64,f,128.0
TR,2007,55-64,m,571.0
TR,2007,65,f,255.0
TR,2007,65,m,512.0
TR,2008,0-14,f,57.0
TR,2008,0-14,m,48.0
TR,2008,0-4,f,5.0
TR,2008,0-4,m,7.0
TR,2008,15-24,f,653.0
TR,2008,15-24,m,940.0
TR,2008,25-34,f,485.0
TR,2008,25-34,m,1090.0
TR,2008,35-44,f,233.0
TR,2008,35-44,m,953.0
TR,2008,45-54,f,152.0
TR,2008,45-54,m,947.0
TR,2008,5-14,f,52.0
TR,2008,5-14,m,41.0
TR,2008,55-64,f,139.0
TR,2008,55-64,m,607.0
TR,2008,65,f,236.0
TR,2008,65,m,453.0
TT,2008,0-14,f,1.0
TT,2008,0-14,m,2.0
TT,2008,0-4,f,1.0
TT,2008,0-4,m,0.0
TT,2008,15-24,f,11.0
TT,2008,15-24,m,9.0
TT,2008,25-34,f,12.0
TT,2008,25-34,m,15.0
TT,2008,35-44,f,4.0
TT,2008,35-44,m,19.0
TT,2008,45-54,f,8.0
TT,2008,45-54,m,34.0
TT,2008,5-14,f,0.0
TT,2008,5-14,m,2.0
TT,2008,55-64,f,4.0
TT,2008,55-64,m,29.0
TT,2008,65,f,7.0
TT,2008,65,m,14.0
TV,2008,0-14,f,0.0
TV,2008,0-14,m,2.0
TV,2008,0-4,f,0.0
TV,2008,0-4,m,0.0
TV,2008,15-24,f,1.0
TV,2008,15-24,m,2.0
TV,2008,25-34,f,2.0
TV,2008,25-34,m,1.0
TV,2008,35-44,f,2.0
TV,2008,35-44,m,0.0
TV,2008,45-54,f,1.0
TV,2008,45-54,m,1.0
TV,2008,5-14,f,0.0
TV,2008,5-14,m,2.0
TV,2008,55-64,f,0.0
TV,2008,55-64,m,0.0
TV,2008,65,f,0.0
TV,2008,65,m,0.0
UA,2007,0-14,f,7.0
UA,2007,0-14,m,14.0
UA,2007,0-4,f,0.0
UA,2007,0-4,m,5.0
UA,2007,15-24,f,982.0
UA,2007,15-24,m,1556.0
UA,2007,25-34,f,1661.0
UA,2007,25-34,m,4507.0
UA,2007,35-44,f,1314.0
UA,2007,35-44,m,5206.0
UA,2007,45-54,f,855.0
UA,2007,45-54,m,5024.0
UA,2007,5-14,f,20.0
UA,2007,5-14,m,9.0
UA,2007,55-64,f,438.0
UA,2007,55-64,m,2130.0
UA,2007,65,f,861.0
UA,2007,65,m,1090.0
UG,2008,0-14,f,382.0
UG,2008,0-14,m,269.0
UG,2008,0-4,f,0.0
UG,2008,0-4,m,0.0
UG,2008,15-24,f,2006.0
UG,2008,15-24,m,1953.0
UG,2008,25-34,f,2985.0
UG,2008,25-34,m,4697.0
UG,2008,35-44,f,1749.0
UG,2008,35-44,m,3922.0
UG,2008,45-54,f,862.0
UG,2008,45-54,m,1981.0
UG,2008,5-14,f,382.0
UG,2008,5-14,m,269.0
UG,2008,55-64,f,314.0
UG,2008,55-64,m,875.0
UG,2008,65,f,206.0
UG,2008,65,m,565.0
US,2008,0-14,f,22.0
US,2008,0-14,m,11.0
US,2008,0-4,f,4.0
US,2008,0-4,m,4.0
US,2008,15-24,f,220.0
US,2008,15-24,m,375.0
US,2008,25-34,f,329.0
US,2008,25-34,m,513.0
US,2008,35-44,f,269.0
US,2008,35-44,m,495.0
US,2008,45-54,f,224.0
US,2008,45-54,m,725.0
US,2008,5-14,f,18.0
US,2008,5-14,m,7.0
US,2008,55-64,f,172.0
US,2008,55-64,m,526.0
US,2008,65,f,300.0
US,2008,65,m,561.0
UY,2008,0-14,f,4.0
UY,2008,0-14,m,1.0
UY,2008,0-4,f,0.0
UY,2008,0-4,m,0.0
UY,2008,15-24,f,26.0
UY,2008,15-24,m,49.0
UY,2008,25-34,f,35.0
UY,2008,25-34,m,71.0
UY,2008,35-44,f,26.0
UY,2008,35-44,m,64.0
UY,2008,45-54,f,15.0
UY,2008,45-54,m,45.0
UY,2008,5-14,f,4.0
UY,2008,5-14,m,1.0
UY,2008,55-64,f,13.0
UY,2008,55-64,m,28.0
UY,2008,65,f,13.0
UY,2008,65,m,34.0
UZ,2007,0-14,f,25.0
UZ,2007,0-14,m,18.0
UZ,2007,0-4,f,1.0
UZ,2007,0-4,m,0.0
UZ,2007,15-24,f,485.0
UZ,2007,15-24,m,569.0
UZ,2007,25-34,f,507.0
UZ,2007,25-34,m,768.0
UZ,2007,35-44,f,342.0
UZ,2007,35-44,m,579.0
UZ,2007,45-54,f,255.0
UZ,2007,45-54,m,583.0
UZ,2007,5-14,f,24.0
UZ,2007,5-14,m,18.0
UZ,2007,55-64,f,235.0
UZ,2007,55-64,m,282.0
UZ,2007,65,f,436.0
UZ,2007,65,m,380.0
VE,2008,0-14,f,25.0
VE,2008,0-14,m,18.0
VE,2008,0-4,f,0.0
VE,2008,0-4,m,0.0
VE,2008,15-24,f,309.0
VE,2008,15-24,m,364.0
VE,2008,25-34,f,272.0
VE,2008,25-34,m,358.0
VE,2008,35-44,f,228.0
VE,2008,35-44,m,326.0
VE,2008,45-54,f,171.0
VE,2008,45-54,m,389.0
VE,2008,5-14,f,25.0
VE,2008,5-14,m,18.0
VE,2008,55-64,f,146.0
VE,2008,55-64,m,271.0
VE,2008,65,f,182.0
VE,2008,65,m,285.0
ZA,2008,0-14,f,2360.0
ZA,2008,0-14,m,1863.0
ZA,2008,0-4,f,298.0
ZA,2008,0-4,m,344.0
ZA,2008,15-24,f,14010.0
ZA,2008,15-24,m,10172.0
ZA,2008,25-34,f,21579.0
ZA,2008,25-34,m,21706.0
ZA,2008,35-44,f,13778.0
ZA,2008,35-44,m,20699.0
ZA,2008,45-54,f,7146.0
ZA,2008,45-54,m,12724.0
ZA,2008,5-14,f,2062.0
ZA,2008,5-14,m,1519.0
ZA,2008,55-64,f,3234.0
ZA,2008,55-64,m,5169.0
ZA,2008,65,f,2117.0
ZA,2008,65,m,2246.0
